{ "timestamp":"2025-04-02T09:27:36Z", "event":"ModuleInfo", "Modules":[ 
{ "Slot":"MainEngines", "Item":"int_engine_size7_class5", "Power":9.120000, "Priority":0 }, 
{ "Slot":"Slot01_Size8", "Item":"int_shieldgenerator_size8_class3_fast", "Power":4.000000, "Priority":1 }, 
{ "Slot":"LargeHardpoint1", "Item":"hpt_pulselaserburst_turret_large", "Power":1.570000, "Priority":2 }, 
{ "Slot":"LargeHardpoint2", "Item":"hpt_pulselaserburst_turret_large", "Power":1.570000, "Priority":2 }, 
{ "Slot":"TinyHardpoint1", "Item":"hpt_shieldbooster_size0_class5", "Power":1.200000, "Priority":1 }, 
{ "Slot":"TinyHardpoint2", "Item":"hpt_shieldbooster_size0_class5", "Power":1.200000, "Priority":1 }, 
{ "Slot":"TinyHardpoint5", "Item":"hpt_shieldbooster_size0_class5", "Power":1.200000, "Priority":1 }, 
{ "Slot":"TinyHardpoint6", "Item":"hpt_shieldbooster_size0_class5", "Power":1.200000, "Priority":1 }, 
{ "Slot":"TinyHardpoint7", "Item":"hpt_shieldbooster_size0_class5", "Power":1.200000, "Priority":1 }, 
{ "Slot":"TinyHardpoint8", "Item":"hpt_shieldbooster_size0_class5", "Power":1.200000, "Priority":1 }, 
{ "Slot":"MediumHardpoint1", "Item":"hpt_pulselaserburst_turret_medium", "Power":0.980000, "Priority":2 }, 
{ "Slot":"FrameShiftDrive", "Item":"int_hyperdrive_overcharge_size7_class5", "Power":0.900000, "Priority":4 }, 
{ "Slot":"PowerDistributor", "Item":"int_powerdistributor_size7_class5", "Power":0.890000, "Priority":3 }, 
{ "Slot":"LifeSupport", "Item":"int_lifesupport_size5_class2", "Power":0.640000, "Priority":0 }, 
{ "Slot":"CargoHatch", "Item":"modularcargobaydoor", "Power":0.600000, "Priority":4 }, 
{ "Slot":"LargeHardpoint3", "Item":"hpt_pulselaser_turret_medium", "Power":0.580000, "Priority":2 }, 
{ "Slot":"LargeHardpoint4", "Item":"hpt_pulselaser_turret_medium", "Power":0.580000, "Priority":2 }, 
{ "Slot":"MediumHardpoint2", "Item":"hpt_pulselaser_turret_medium", "Power":0.580000, "Priority":2 }, 
{ "Slot":"MediumHardpoint3", "Item":"hpt_pulselaser_turret_medium", "Power":0.580000, "Priority":2 }, 
{ "Slot":"SmallHardpoint1", "Item":"hpt_pulselaser_turret_small", "Power":0.380000, "Priority":2 }, 
{ "Slot":"SmallHardpoint2", "Item":"hpt_pulselaser_turret_small", "Power":0.380000, "Priority":2 }, 
{ "Slot":"Slot02_Size7", "Item":"int_fighterbay_size7_class1", "Power":0.350000, "Priority":2 }, 
{ "Slot":"Radar", "Item":"int_sensors_size4_class2", "Power":0.310000, "Priority":0 }, 
{ "Slot":"Slot12_Size1", "Item":"int_supercruiseassist", "Power":0.300000, "Priority":4 }, 
{ "Slot":"TinyHardpoint3", "Item":"hpt_plasmapointdefence_turret_tiny", "Power":0.200000, "Priority":0 }, 
{ "Slot":"TinyHardpoint4", "Item":"hpt_plasmapointdefence_turret_tiny", "Power":0.200000, "Priority":0 }, 
{ "Slot":"ShipCockpit", "Item":"type9_military_cockpit", "Power":0.000000 }, 
{ "Slot":"PowerPlant", "Item":"int_powerplant_size8_class5", "Power":0.000000 }, 
{ "Slot":"Slot11_Size2", "Item":"int_cargorack_size2_class1", "Power":0.000000 }, 
{ "Slot":"PlanetaryApproachSuite", "Item":"int_planetapproachsuite_advanced", "Power":0.000000 }, 
{ "Slot":"DataLinkScanner", "Item":"hpt_shipdatalinkscanner", "Power":0.000000, "Priority":0 }, 
{ "Slot":"CodexScanner", "Item":"int_codexscanner", "Power":0.000000 }, 
{ "Slot":"DiscoveryScanner", "Item":"int_stellarbodydiscoveryscanner_standard", "Power":0.000000 }, 
{ "Slot":"ColonisationSuite", "Item":"int_colonisation", "Power":0.000000 }, 
{ "Slot":"Slot03_Size6", "Item":"int_guardianshieldreinforcement_size5_class2" }, 
{ "Slot":"Slot04_Size5", "Item":"int_guardianshieldreinforcement_size5_class2" }, 
{ "Slot":"Slot05_Size4", "Item":"int_guardianshieldreinforcement_size4_class2" }, 
{ "Slot":"Slot06_Size4", "Item":"int_guardianshieldreinforcement_size4_class2" }, 
{ "Slot":"Slot07_Size3", "Item":"int_guardianshieldreinforcement_size3_class2" }, 
{ "Slot":"Military01", "Item":"int_guardianshieldreinforcement_size5_class2" }, 
{ "Slot":"Military02", "Item":"int_guardianshieldreinforcement_size5_class2" }, 
{ "Slot":"Slot08_Size3", "Item":"int_hullreinforcement_size3_class2" }
 ] }
