{ "timestamp":"2025-04-02T09:03:16Z", "event":"Outfitting", "MarketID":128666762, "StationName":"Jameson Memorial", "StarSystem":"Shinrarta Dezhra", "Horizons":true, "Items":[ 
{ "id":129022085, "Name":"hpt_atmulticannon_turret_large_v2", "BuyPrice":4026594 }, 
{ "id":129022086, "Name":"hpt_atmulticannon_turret_medium_v2", "BuyPrice":1924619 }, 
{ "id":129022080, "Name":"hpt_atmulticannon_fixed_medium_v2", "BuyPrice":399331 }, 
{ "id":129022084, "Name":"hpt_atmulticannon_fixed_large_v2", "BuyPrice":1193683 }, 
{ "id":129022082, "Name":"hpt_atdumbfiremissile_turret_large_v2", "BuyPrice":4692462 }, 
{ "id":129022083, "Name":"hpt_atdumbfiremissile_turret_medium_v2", "BuyPrice":2339667 }, 
{ "id":129022079, "Name":"hpt_atdumbfiremissile_fixed_large_v2", "BuyPrice":1495116 }, 
{ "id":129022081, "Name":"hpt_atdumbfiremissile_fixed_medium_v2", "BuyPrice":598047 }, 
{ "id":128049431, "Name":"hpt_beamlaser_fixed_huge", "BuyPrice":2102631 }, 
{ "id":128049434, "Name":"hpt_beamlaser_gimbal_large", "BuyPrice":2102631 }, 
{ "id":128681994, "Name":"hpt_beamlaser_gimbal_huge", "BuyPrice":7674756 }, 
{ "id":128049437, "Name":"hpt_beamlaser_turret_large", "BuyPrice":17023149 }, 
{ "id":128049430, "Name":"hpt_beamlaser_fixed_large", "BuyPrice":1033344 }, 
{ "id":128049433, "Name":"hpt_beamlaser_gimbal_medium", "BuyPrice":439277 }, 
{ "id":128049436, "Name":"hpt_beamlaser_turret_medium", "BuyPrice":1842663 }, 
{ "id":128049432, "Name":"hpt_beamlaser_gimbal_small", "BuyPrice":65506 }, 
{ "id":128049435, "Name":"hpt_beamlaser_turret_small", "BuyPrice":438750 }, 
{ "id":128049428, "Name":"hpt_beamlaser_fixed_small", "BuyPrice":32845 }, 
{ "id":128049429, "Name":"hpt_beamlaser_fixed_medium", "BuyPrice":262829 }, 
{ "id":128049409, "Name":"hpt_pulselaserburst_turret_large", "BuyPrice":702351 }, 
{ "id":128049403, "Name":"hpt_pulselaserburst_fixed_huge", "BuyPrice":247104 }, 
{ "id":128727920, "Name":"hpt_pulselaserburst_gimbal_huge", "BuyPrice":1093014 }, 
{ "id":128049408, "Name":"hpt_pulselaserburst_turret_medium", "BuyPrice":142857 }, 
{ "id":128049407, "Name":"hpt_pulselaserburst_turret_small", "BuyPrice":46332 }, 
{ "id":128049406, "Name":"hpt_pulselaserburst_gimbal_large", "BuyPrice":247104 }, 
{ "id":128049404, "Name":"hpt_pulselaserburst_gimbal_small", "BuyPrice":7547 }, 
{ "id":128049405, "Name":"hpt_pulselaserburst_gimbal_medium", "BuyPrice":42559 }, 
{ "id":128049402, "Name":"hpt_pulselaserburst_fixed_large", "BuyPrice":123201 }, 
{ "id":128049401, "Name":"hpt_pulselaserburst_fixed_medium", "BuyPrice":20183 }, 
{ "id":128049400, "Name":"hpt_pulselaserburst_fixed_small", "BuyPrice":3861 }, 
{ "id":128049384, "Name":"hpt_pulselaser_fixed_huge", "BuyPrice":155844 }, 
{ "id":128681995, "Name":"hpt_pulselaser_gimbal_huge", "BuyPrice":770094 }, 
{ "id":128049390, "Name":"hpt_pulselaser_turret_large", "BuyPrice":351351 }, 
{ "id":128049389, "Name":"hpt_pulselaser_turret_medium", "BuyPrice":116532 }, 
{ "id":128049387, "Name":"hpt_pulselaser_gimbal_large", "BuyPrice":123377 }, 
{ "id":128049388, "Name":"hpt_pulselaser_turret_small", "BuyPrice":22815 }, 
{ "id":128049386, "Name":"hpt_pulselaser_gimbal_medium", "BuyPrice":31064 }, 
{ "id":128049385, "Name":"hpt_pulselaser_gimbal_small", "BuyPrice":5792 }, 
{ "id":128049383, "Name":"hpt_pulselaser_fixed_large", "BuyPrice":61776 }, 
{ "id":128049382, "Name":"hpt_pulselaser_fixed_medium", "BuyPrice":15444 }, 
{ "id":128049381, "Name":"hpt_pulselaser_fixed_small", "BuyPrice":1931 }, 
{ "id":128049441, "Name":"hpt_cannon_fixed_huge", "BuyPrice":2369952 }, 
{ "id":128049444, "Name":"hpt_cannon_gimbal_huge", "BuyPrice":4739904 }, 
{ "id":128049447, "Name":"hpt_cannon_turret_large", "BuyPrice":14219712 }, 
{ "id":128671120, "Name":"hpt_cannon_gimbal_large", "BuyPrice":1184976 }, 
{ "id":128049445, "Name":"hpt_cannon_turret_small", "BuyPrice":444366 }, 
{ "id":128049446, "Name":"hpt_cannon_turret_medium", "BuyPrice":3554928 }, 
{ "id":128049440, "Name":"hpt_cannon_fixed_large", "BuyPrice":592488 }, 
{ "id":128049442, "Name":"hpt_cannon_gimbal_small", "BuyPrice":37031 }, 
{ "id":128049443, "Name":"hpt_cannon_gimbal_medium", "BuyPrice":296244 }, 
{ "id":128049439, "Name":"hpt_cannon_fixed_medium", "BuyPrice":147798 }, 
{ "id":128049438, "Name":"hpt_cannon_fixed_small", "BuyPrice":18516 }, 
{ "id":128671321, "Name":"hpt_slugshot_gimbal_large", "BuyPrice":1536538 }, 
{ "id":128671322, "Name":"hpt_slugshot_turret_large", "BuyPrice":5121792 }, 
{ "id":128049454, "Name":"hpt_slugshot_turret_medium", "BuyPrice":1280448 }, 
{ "id":128049450, "Name":"hpt_slugshot_fixed_large", "BuyPrice":1024359 }, 
{ "id":128049453, "Name":"hpt_slugshot_turret_small", "BuyPrice":160056 }, 
{ "id":128049451, "Name":"hpt_slugshot_gimbal_small", "BuyPrice":48017 }, 
{ "id":128049452, "Name":"hpt_slugshot_gimbal_medium", "BuyPrice":384135 }, 
{ "id":128049448, "Name":"hpt_slugshot_fixed_small", "BuyPrice":31590 }, 
{ "id":128049449, "Name":"hpt_slugshot_fixed_medium", "BuyPrice":256090 }, 
{ "id":128049458, "Name":"hpt_multicannon_fixed_huge", "BuyPrice":1033344 }, 
{ "id":128681996, "Name":"hpt_multicannon_gimbal_huge", "BuyPrice":5596344 }, 
{ "id":128049464, "Name":"hpt_multicannon_turret_large", "BuyPrice":3329762 }, 
{ "id":128049461, "Name":"hpt_multicannon_gimbal_large", "BuyPrice":507579 }, 
{ "id":128049457, "Name":"hpt_multicannon_fixed_large", "BuyPrice":123201 }, 
{ "id":128049462, "Name":"hpt_multicannon_turret_small", "BuyPrice":71604 }, 
{ "id":128049463, "Name":"hpt_multicannon_turret_medium", "BuyPrice":1134432 }, 
{ "id":128049459, "Name":"hpt_multicannon_gimbal_small", "BuyPrice":12505 }, 
{ "id":128049460, "Name":"hpt_multicannon_gimbal_medium", "BuyPrice":50018 }, 
{ "id":128049456, "Name":"hpt_multicannon_fixed_medium", "BuyPrice":33345 }, 
{ "id":128049455, "Name":"hpt_multicannon_fixed_small", "BuyPrice":8337 }, 
{ "id":128049489, "Name":"hpt_railgun_fixed_medium", "BuyPrice":362232 }, 
{ "id":128049488, "Name":"hpt_railgun_fixed_small", "BuyPrice":45279 }, 
{ "id":128049493, "Name":"hpt_basicmissilerack_fixed_medium", "BuyPrice":449631 }, 
{ "id":128049492, "Name":"hpt_basicmissilerack_fixed_small", "BuyPrice":63707 }, 
{ "id":128049501, "Name":"hpt_minelauncher_fixed_medium", "BuyPrice":258056 }, 
{ "id":128671448, "Name":"hpt_minelauncher_fixed_small_impulse", "BuyPrice":31933 }, 
{ "id":128049500, "Name":"hpt_minelauncher_fixed_small", "BuyPrice":21289 }, 
{ "id":128049494, "Name":"hpt_basicmissilerack_fixed_large", "BuyPrice":1290829 }, 
{ "id":128049511, "Name":"hpt_advancedtorppylon_fixed_large", "BuyPrice":138610 }, 
{ "id":128891602, "Name":"hpt_dumbfiremissilerack_fixed_large", "BuyPrice":896367 }, 
{ "id":128049510, "Name":"hpt_advancedtorppylon_fixed_medium", "BuyPrice":39312 }, 
{ "id":128049509, "Name":"hpt_advancedtorppylon_fixed_small", "BuyPrice":9828 }, 
{ "id":128666725, "Name":"hpt_dumbfiremissilerack_fixed_medium", "BuyPrice":210951 }, 
{ "id":128666724, "Name":"hpt_dumbfiremissilerack_fixed_small", "BuyPrice":28235 }, 
{ "id":128049467, "Name":"hpt_plasmaaccelerator_fixed_huge", "BuyPrice":12103884 }, 
{ "id":128049466, "Name":"hpt_plasmaaccelerator_fixed_large", "BuyPrice":2677428 }, 
{ "id":128049465, "Name":"hpt_plasmaaccelerator_fixed_medium", "BuyPrice":732011 }, 
{ "id":128788700, "Name":"hpt_atdumbfiremissile_fixed_large", "BuyPrice":1186600 }, 
{ "id":128788702, "Name":"hpt_atmulticannon_fixed_large", "BuyPrice":1036767 }, 
{ "id":128788705, "Name":"hpt_atdumbfiremissile_turret_large", "BuyPrice":3559799 }, 
{ "id":128793060, "Name":"hpt_atmulticannon_turret_large", "BuyPrice":3353454 }, 
{ "id":129022088, "Name":"hpt_atmulticannon_gimbal_large", "BuyPrice":2097629 }, 
{ "id":128935980, "Name":"hpt_multicannon_fixed_medium_advanced", "BuyPrice":33345 }, 
{ "id":128833687, "Name":"hpt_guardian_gausscannon_fixed_medium", "BuyPrice":477185 }, 
{ "id":128935983, "Name":"hpt_dumbfiremissilerack_fixed_medium_advanced", "BuyPrice":210951 }, 
{ "id":128935981, "Name":"hpt_multicannon_fixed_small_advanced", "BuyPrice":8337 }, 
{ "id":128935982, "Name":"hpt_dumbfiremissilerack_fixed_small_advanced", "BuyPrice":28235 }, 
{ "id":128793058, "Name":"hpt_flakmortar_turret_medium", "BuyPrice":1104948 }, 
{ "id":128785626, "Name":"hpt_flakmortar_fixed_medium", "BuyPrice":229730 }, 
{ "id":128788699, "Name":"hpt_atdumbfiremissile_fixed_medium", "BuyPrice":474640 }, 
{ "id":128788704, "Name":"hpt_atdumbfiremissile_turret_medium", "BuyPrice":1774920 }, 
{ "id":128788701, "Name":"hpt_atmulticannon_fixed_medium", "BuyPrice":332573 }, 
{ "id":128793059, "Name":"hpt_atmulticannon_turret_medium", "BuyPrice":1602754 }, 
{ "id":129022089, "Name":"hpt_atmulticannon_gimbal_medium", "BuyPrice":1050933 }, 
{ "id":128662525, "Name":"hpt_cloudscanner_size0_class1", "BuyPrice":11886 }, 
{ "id":128662526, "Name":"hpt_cloudscanner_size0_class2", "BuyPrice":35656 }, 
{ "id":128662527, "Name":"hpt_cloudscanner_size0_class3", "BuyPrice":106968 }, 
{ "id":128662528, "Name":"hpt_cloudscanner_size0_class4", "BuyPrice":320901 }, 
{ "id":128662529, "Name":"hpt_cloudscanner_size0_class5", "BuyPrice":962702 }, 
{ "id":128049549, "Name":"int_dockingcomputer_standard", "BuyPrice":3949 }, 
{ "id":128932273, "Name":"int_supercruiseassist", "BuyPrice":8004 }, 
{ "id":128935155, "Name":"int_dockingcomputer_advanced", "BuyPrice":11854 }, 
{ "id":128662530, "Name":"hpt_crimescanner_size0_class1", "BuyPrice":11886 }, 
{ "id":128662531, "Name":"hpt_crimescanner_size0_class2", "BuyPrice":35656 }, 
{ "id":128662532, "Name":"hpt_crimescanner_size0_class3", "BuyPrice":106968 }, 
{ "id":128662533, "Name":"hpt_crimescanner_size0_class4", "BuyPrice":320901 }, 
{ "id":128662534, "Name":"hpt_crimescanner_size0_class5", "BuyPrice":962702 }, 
{ "id":128662520, "Name":"hpt_cargoscanner_size0_class1", "BuyPrice":11886 }, 
{ "id":128662521, "Name":"hpt_cargoscanner_size0_class2", "BuyPrice":35656 }, 
{ "id":128662522, "Name":"hpt_cargoscanner_size0_class3", "BuyPrice":106968 }, 
{ "id":128662523, "Name":"hpt_cargoscanner_size0_class4", "BuyPrice":320901 }, 
{ "id":128662524, "Name":"hpt_cargoscanner_size0_class5", "BuyPrice":962702 }, 
{ "id":128049513, "Name":"hpt_chafflauncher_tiny", "BuyPrice":7459 }, 
{ "id":128049519, "Name":"hpt_heatsinklauncher_turret_tiny", "BuyPrice":3072 }, 
{ "id":128049522, "Name":"hpt_plasmapointdefence_turret_tiny", "BuyPrice":16275 }, 
{ "id":128049516, "Name":"hpt_electroniccountermeasure_tiny", "BuyPrice":10969 }, 
{ "id":128049526, "Name":"hpt_mininglaser_fixed_medium", "BuyPrice":19812 }, 
{ "id":128740820, "Name":"hpt_mininglaser_turret_medium", "BuyPrice":28587 }, 
{ "id":128049525, "Name":"hpt_mininglaser_fixed_small", "BuyPrice":5967 }, 
{ "id":128740819, "Name":"hpt_mininglaser_turret_small", "BuyPrice":8249 }, 
{ "id":128915455, "Name":"hpt_mining_subsurfdispmisle_turret_small", "BuyPrice":34004 }, 
{ "id":128915457, "Name":"hpt_mining_subsurfdispmisle_turret_medium", "BuyPrice":334986 }, 
{ "id":128915454, "Name":"hpt_mining_subsurfdispmisle_fixed_small", "BuyPrice":11057 }, 
{ "id":128915456, "Name":"hpt_mining_subsurfdispmisle_fixed_medium", "BuyPrice":107205 }, 
{ "id":128915459, "Name":"hpt_mining_abrblstr_turret_small", "BuyPrice":24114 }, 
{ "id":128915461, "Name":"hpt_mining_seismchrgwarhd_turret_medium", "BuyPrice":390988 }, 
{ "id":128915458, "Name":"hpt_mining_abrblstr_fixed_small", "BuyPrice":8512 }, 
{ "id":128915460, "Name":"hpt_mining_seismchrgwarhd_fixed_medium", "BuyPrice":134355 }, 
{ "id":128915718, "Name":"hpt_mrascanner_size0_class1", "BuyPrice":11886 }, 
{ "id":128915719, "Name":"hpt_mrascanner_size0_class2", "BuyPrice":35656 }, 
{ "id":128915720, "Name":"hpt_mrascanner_size0_class3", "BuyPrice":106968 }, 
{ "id":128915721, "Name":"hpt_mrascanner_size0_class4", "BuyPrice":320901 }, 
{ "id":128915722, "Name":"hpt_mrascanner_size0_class5", "BuyPrice":962702 }, 
{ "id":128771884, "Name":"hpt_antiunknownshutdown_tiny", "BuyPrice":55283 }, 
{ "id":129022663, "Name":"hpt_antiunknownshutdown_tiny_v2", "BuyPrice":131625 }, 
{ "id":129028577, "Name":"hpt_human_extraction_fixed_medium", "BuyPrice":739882 }, 
{ "id":129030049, "Name":"hpt_atventdisruptorpylon_fixed_medium", "BuyPrice":739882 }, 
{ "id":129030050, "Name":"hpt_atventdisruptorpylon_fixed_large", "BuyPrice":1428062 }, 
{ "id":128049292, "Name":"dolphin_armour_grade1", "BuyPrice":0 }, 
{ "id":128049293, "Name":"dolphin_armour_grade2", "BuyPrice":469402 }, 
{ "id":128049294, "Name":"dolphin_armour_grade3", "BuyPrice":1056151 }, 
{ "id":128049296, "Name":"dolphin_armour_reactive", "BuyPrice":2765942 }, 
{ "id":128049295, "Name":"dolphin_armour_mirrored", "BuyPrice":2464353 }, 
{ "id":128049348, "Name":"belugaliner_armour_grade3", "BuyPrice":66759751 }, 
{ "id":128049346, "Name":"belugaliner_armour_grade1", "BuyPrice":0 }, 
{ "id":128049347, "Name":"belugaliner_armour_grade2", "BuyPrice":29671001 }, 
{ "id":128049350, "Name":"belugaliner_armour_reactive", "BuyPrice":174836369 }, 
{ "id":128049349, "Name":"belugaliner_armour_mirrored", "BuyPrice":157775545 }, 
{ "id":129030681, "Name":"mandalay_armour_grade1", "BuyPrice":0 }, 
{ "id":129030682, "Name":"mandalay_armour_grade2", "BuyPrice":6191367 }, 
{ "id":129030683, "Name":"mandalay_armour_grade3", "BuyPrice":13930575 }, 
{ "id":129030684, "Name":"mandalay_armour_mirrored", "BuyPrice":32922590 }, 
{ "id":129030685, "Name":"mandalay_armour_reactive", "BuyPrice":36482626 }, 
{ "id":128915981, "Name":"mamba_armour_grade1", "BuyPrice":0 }, 
{ "id":128915982, "Name":"mamba_armour_grade2", "BuyPrice":19609332 }, 
{ "id":128915983, "Name":"mamba_armour_grade3", "BuyPrice":44120996 }, 
{ "id":128915984, "Name":"mamba_armour_mirrored", "BuyPrice":104272619 }, 
{ "id":128915985, "Name":"mamba_armour_reactive", "BuyPrice":115547984 }, 
{ "id":128049340, "Name":"python_armour_grade1", "BuyPrice":0 }, 
{ "id":128049341, "Name":"python_armour_grade2", "BuyPrice":19999341 }, 
{ "id":128049342, "Name":"python_armour_grade3", "BuyPrice":44998517 }, 
{ "id":128049344, "Name":"python_armour_reactive", "BuyPrice":117846116 }, 
{ "id":128049343, "Name":"python_armour_mirrored", "BuyPrice":106346495 }, 
{ "id":129031231, "Name":"cobramkv_armour_grade1", "BuyPrice":0 }, 
{ "id":129031232, "Name":"cobramkv_armour_grade2", "BuyPrice":698301 }, 
{ "id":129031233, "Name":"cobramkv_armour_grade3", "BuyPrice":1571177 }, 
{ "id":129031234, "Name":"cobramkv_armour_mirrored", "BuyPrice":3666078 }, 
{ "id":129031235, "Name":"cobramkv_armour_reactive", "BuyPrice":4114736 }, 
{ "id":129030535, "Name":"type8_armour_grade1", "BuyPrice":0 }, 
{ "id":129030536, "Name":"type8_armour_grade2", "BuyPrice":13497343 }, 
{ "id":129030537, "Name":"type8_armour_grade3", "BuyPrice":30369021 }, 
{ "id":129030538, "Name":"type8_armour_mirrored", "BuyPrice":71772119 }, 
{ "id":129030539, "Name":"type8_armour_reactive", "BuyPrice":79533090 }, 
{ "id":128049304, "Name":"asp_armour_grade1", "BuyPrice":0 }, 
{ "id":128049305, "Name":"asp_armour_grade2", "BuyPrice":2338065 }, 
{ "id":128049306, "Name":"asp_armour_grade3", "BuyPrice":5260647 }, 
{ "id":128049308, "Name":"asp_armour_reactive", "BuyPrice":13777049 }, 
{ "id":128049307, "Name":"asp_armour_mirrored", "BuyPrice":12432661 }, 
{ "id":128672278, "Name":"asp_scout_armour_grade1", "BuyPrice":0 }, 
{ "id":128672279, "Name":"asp_scout_armour_grade2", "BuyPrice":1390365 }, 
{ "id":128672280, "Name":"asp_scout_armour_grade3", "BuyPrice":3128322 }, 
{ "id":128672282, "Name":"asp_scout_armour_reactive", "BuyPrice":8192727 }, 
{ "id":128672281, "Name":"asp_scout_armour_mirrored", "BuyPrice":7393267 }, 
{ "id":128672271, "Name":"independant_trader_armour_grade1", "BuyPrice":0 }, 
{ "id":128672272, "Name":"independant_trader_armour_grade2", "BuyPrice":1097280 }, 
{ "id":128672273, "Name":"independant_trader_armour_grade3", "BuyPrice":2468881 }, 
{ "id":128672275, "Name":"independant_trader_armour_reactive", "BuyPrice":6465723 }, 
{ "id":128672274, "Name":"independant_trader_armour_mirrored", "BuyPrice":5834788 }, 
{ "id":129030466, "Name":"python_nx_armour_grade1", "BuyPrice":0 }, 
{ "id":129030467, "Name":"python_nx_armour_grade2", "BuyPrice":23702103 }, 
{ "id":129030468, "Name":"python_nx_armour_grade3", "BuyPrice":53329732 }, 
{ "id":129030469, "Name":"python_nx_armour_mirrored", "BuyPrice":126035933 }, 
{ "id":129030470, "Name":"python_nx_armour_reactive", "BuyPrice":139664643 }, 
{ "id":128049274, "Name":"viper_armour_grade1", "BuyPrice":0 }, 
{ "id":128049275, "Name":"viper_armour_grade2", "BuyPrice":50169 }, 
{ "id":128049276, "Name":"viper_armour_grade3", "BuyPrice":112880 }, 
{ "id":128049278, "Name":"viper_armour_reactive", "BuyPrice":295620 }, 
{ "id":128049277, "Name":"viper_armour_mirrored", "BuyPrice":266773 }, 
{ "id":128671832, "Name":"diamondbackxl_armour_grade1", "BuyPrice":0 }, 
{ "id":128671833, "Name":"diamondbackxl_armour_grade2", "BuyPrice":665062 }, 
{ "id":128671834, "Name":"diamondbackxl_armour_grade3", "BuyPrice":1496388 }, 
{ "id":128671835, "Name":"diamondbackxl_armour_mirrored", "BuyPrice":3491570 }, 
{ "id":128671836, "Name":"diamondbackxl_armour_reactive", "BuyPrice":3918872 }, 
{ "id":128049268, "Name":"adder_armour_grade1", "BuyPrice":0 }, 
{ "id":128049269, "Name":"adder_armour_grade2", "BuyPrice":30821 }, 
{ "id":128049270, "Name":"adder_armour_grade3", "BuyPrice":69347 }, 
{ "id":128049272, "Name":"adder_armour_reactive", "BuyPrice":181611 }, 
{ "id":128049271, "Name":"adder_armour_mirrored", "BuyPrice":163889 }, 
{ "id":128049328, "Name":"orca_armour_grade1", "BuyPrice":0 }, 
{ "id":128049329, "Name":"orca_armour_grade2", "BuyPrice":17037501 }, 
{ "id":128049330, "Name":"orca_armour_grade3", "BuyPrice":38334377 }, 
{ "id":128049332, "Name":"orca_armour_reactive", "BuyPrice":100393471 }, 
{ "id":128049331, "Name":"orca_armour_mirrored", "BuyPrice":90596909 }, 
{ "id":128049364, "Name":"anaconda_armour_grade1", "BuyPrice":0 }, 
{ "id":128049365, "Name":"anaconda_armour_grade2", "BuyPrice":51586277 }, 
{ "id":128049366, "Name":"anaconda_armour_grade3", "BuyPrice":116069124 }, 
{ "id":128049367, "Name":"anaconda_armour_mirrored", "BuyPrice":274310029 }, 
{ "id":128049368, "Name":"anaconda_armour_reactive", "BuyPrice":303972139 }, 
{ "id":128049280, "Name":"cobramkiii_armour_grade1", "BuyPrice":0 }, 
{ "id":128049281, "Name":"cobramkiii_armour_grade2", "BuyPrice":122752 }, 
{ "id":128049282, "Name":"cobramkiii_armour_grade3", "BuyPrice":276191 }, 
{ "id":128049284, "Name":"cobramkiii_armour_reactive", "BuyPrice":723311 }, 
{ "id":128049283, "Name":"cobramkiii_armour_mirrored", "BuyPrice":644443 }, 
{ "id":128049334, "Name":"type9_armour_grade1", "BuyPrice":0 }, 
{ "id":128049335, "Name":"type9_armour_grade2", "BuyPrice":26871101 }, 
{ "id":128049336, "Name":"type9_armour_grade3", "BuyPrice":60459977 }, 
{ "id":128049338, "Name":"type9_armour_reactive", "BuyPrice":158337961 }, 
{ "id":128049337, "Name":"type9_armour_mirrored", "BuyPrice":142887077 }, 
{ "id":128672264, "Name":"cobramkiv_armour_grade1", "BuyPrice":0 }, 
{ "id":128672265, "Name":"cobramkiv_armour_grade2", "BuyPrice":268417 }, 
{ "id":128672266, "Name":"cobramkiv_armour_grade3", "BuyPrice":603937 }, 
{ "id":128672268, "Name":"cobramkiv_armour_reactive", "BuyPrice":1581642 }, 
{ "id":128672267, "Name":"cobramkiv_armour_mirrored", "BuyPrice":1409185 }, 
{ "id":128049256, "Name":"eagle_armour_grade1", "BuyPrice":0 }, 
{ "id":128049257, "Name":"eagle_armour_grade2", "BuyPrice":23588 }, 
{ "id":128049258, "Name":"eagle_armour_grade3", "BuyPrice":79018 }, 
{ "id":128049260, "Name":"eagle_armour_reactive", "BuyPrice":131971 }, 
{ "id":128049259, "Name":"eagle_armour_mirrored", "BuyPrice":122929 }, 
{ "id":128049298, "Name":"type7_armour_grade1", "BuyPrice":0 }, 
{ "id":128049299, "Name":"type7_armour_grade2", "BuyPrice":6132760 }, 
{ "id":128049300, "Name":"type7_armour_grade3", "BuyPrice":13798711 }, 
{ "id":128049302, "Name":"type7_armour_reactive", "BuyPrice":36137291 }, 
{ "id":128049301, "Name":"type7_armour_mirrored", "BuyPrice":32610954 }, 
{ "id":128049262, "Name":"hauler_armour_grade1", "BuyPrice":0 }, 
{ "id":128049263, "Name":"hauler_armour_grade2", "BuyPrice":37011 }, 
{ "id":128049264, "Name":"hauler_armour_grade3", "BuyPrice":162380 }, 
{ "id":128049266, "Name":"hauler_armour_reactive", "BuyPrice":247825 }, 
{ "id":128049265, "Name":"hauler_armour_mirrored", "BuyPrice":237185 }, 
{ "id":128049286, "Name":"type6_armour_grade1", "BuyPrice":0 }, 
{ "id":128049287, "Name":"type6_armour_grade2", "BuyPrice":367128 }, 
{ "id":128049288, "Name":"type6_armour_grade3", "BuyPrice":826035 }, 
{ "id":128049290, "Name":"type6_armour_reactive", "BuyPrice":2163294 }, 
{ "id":128049289, "Name":"type6_armour_mirrored", "BuyPrice":1952197 }, 
{ "id":128049250, "Name":"sidewinder_armour_grade1", "BuyPrice":0 }, 
{ "id":128049251, "Name":"sidewinder_armour_grade2", "BuyPrice":22464 }, 
{ "id":128049252, "Name":"sidewinder_armour_grade3", "BuyPrice":70481 }, 
{ "id":128049254, "Name":"sidewinder_armour_reactive", "BuyPrice":122345 }, 
{ "id":128049253, "Name":"sidewinder_armour_mirrored", "BuyPrice":115887 }, 
{ "id":128672257, "Name":"viper_mkiv_armour_grade1", "BuyPrice":0 }, 
{ "id":128672258, "Name":"viper_mkiv_armour_grade2", "BuyPrice":153714 }, 
{ "id":128672259, "Name":"viper_mkiv_armour_grade3", "BuyPrice":345856 }, 
{ "id":128672261, "Name":"viper_mkiv_armour_reactive", "BuyPrice":905759 }, 
{ "id":128672260, "Name":"viper_mkiv_armour_mirrored", "BuyPrice":817374 }, 
{ "id":128049310, "Name":"vulture_armour_grade1", "BuyPrice":0 }, 
{ "id":128049311, "Name":"vulture_armour_grade2", "BuyPrice":1728892 }, 
{ "id":128049312, "Name":"vulture_armour_grade3", "BuyPrice":3890005 }, 
{ "id":128049314, "Name":"vulture_armour_reactive", "BuyPrice":10187490 }, 
{ "id":128049313, "Name":"vulture_armour_mirrored", "BuyPrice":9193378 }, 
{ "id":128049352, "Name":"ferdelance_armour_grade1", "BuyPrice":0 }, 
{ "id":128049353, "Name":"ferdelance_armour_grade2", "BuyPrice":18100032 }, 
{ "id":128049354, "Name":"ferdelance_armour_grade3", "BuyPrice":40725071 }, 
{ "id":128049355, "Name":"ferdelance_armour_mirrored", "BuyPrice":96246916 }, 
{ "id":128049356, "Name":"ferdelance_armour_reactive", "BuyPrice":106654433 }, 
{ "id":128671218, "Name":"diamondback_armour_grade1", "BuyPrice":0 }, 
{ "id":128671219, "Name":"diamondback_armour_grade2", "BuyPrice":198080 }, 
{ "id":128671220, "Name":"diamondback_armour_grade3", "BuyPrice":445680 }, 
{ "id":128671222, "Name":"diamondback_armour_reactive", "BuyPrice":1167184 }, 
{ "id":128671221, "Name":"diamondback_armour_mirrored", "BuyPrice":1039917 }, 
{ "id":128839283, "Name":"krait_light_armour_grade1", "BuyPrice":0 }, 
{ "id":128839284, "Name":"krait_light_armour_grade2", "BuyPrice":13152760 }, 
{ "id":128839285, "Name":"krait_light_armour_grade3", "BuyPrice":29593711 }, 
{ "id":128839287, "Name":"krait_light_armour_reactive", "BuyPrice":77502641 }, 
{ "id":128839286, "Name":"krait_light_armour_mirrored", "BuyPrice":69939804 }, 
{ "id":128816569, "Name":"krait_mkii_armour_grade1", "BuyPrice":0 }, 
{ "id":128816570, "Name":"krait_mkii_armour_grade2", "BuyPrice":16080787 }, 
{ "id":128816571, "Name":"krait_mkii_armour_grade3", "BuyPrice":36181769 }, 
{ "id":128816573, "Name":"krait_mkii_armour_reactive", "BuyPrice":94756032 }, 
{ "id":128816572, "Name":"krait_mkii_armour_mirrored", "BuyPrice":85509580 }, 
{ "id":128049322, "Name":"federation_dropship_armour_grade1", "BuyPrice":0 }, 
{ "id":128049323, "Name":"federation_dropship_armour_grade2", "BuyPrice":5024287 }, 
{ "id":128049324, "Name":"federation_dropship_armour_grade3", "BuyPrice":11304644 }, 
{ "id":128049326, "Name":"federation_dropship_armour_reactive", "BuyPrice":29605605 }, 
{ "id":128049325, "Name":"federation_dropship_armour_mirrored", "BuyPrice":26716641 }, 
{ "id":128049376, "Name":"cutter_armour_grade1", "BuyPrice":0 }, 
{ "id":128049377, "Name":"cutter_armour_grade2", "BuyPrice":73348277 }, 
{ "id":128049378, "Name":"cutter_armour_grade3", "BuyPrice":165033624 }, 
{ "id":128049379, "Name":"cutter_armour_mirrored", "BuyPrice":390029464 }, 
{ "id":128049380, "Name":"cutter_armour_reactive", "BuyPrice":432204724 }, 
{ "id":128816576, "Name":"typex_armour_grade1", "BuyPrice":0 }, 
{ "id":128816577, "Name":"typex_armour_grade2", "BuyPrice":6803170 }, 
{ "id":128816578, "Name":"typex_armour_grade3", "BuyPrice":15307134 }, 
{ "id":128816580, "Name":"typex_armour_reactive", "BuyPrice":40087682 }, 
{ "id":128816579, "Name":"typex_armour_mirrored", "BuyPrice":36175859 }, 
{ "id":128816583, "Name":"typex_2_armour_grade1", "BuyPrice":0 }, 
{ "id":128816584, "Name":"typex_2_armour_grade2", "BuyPrice":8026086 }, 
{ "id":128816585, "Name":"typex_2_armour_grade3", "BuyPrice":18058693 }, 
{ "id":128816587, "Name":"typex_2_armour_reactive", "BuyPrice":47293710 }, 
{ "id":128816586, "Name":"typex_2_armour_mirrored", "BuyPrice":42678712 }, 
{ "id":128816590, "Name":"typex_3_armour_grade1", "BuyPrice":0 }, 
{ "id":128816591, "Name":"typex_3_armour_grade2", "BuyPrice":10695760 }, 
{ "id":128816592, "Name":"typex_3_armour_grade3", "BuyPrice":24065461 }, 
{ "id":128816594, "Name":"typex_3_armour_reactive", "BuyPrice":63024769 }, 
{ "id":128816593, "Name":"typex_3_armour_mirrored", "BuyPrice":56874707 }, 
{ "id":128049370, "Name":"federation_corvette_armour_grade1", "BuyPrice":0 }, 
{ "id":128049371, "Name":"federation_corvette_armour_grade2", "BuyPrice":65977277 }, 
{ "id":128049372, "Name":"federation_corvette_armour_grade3", "BuyPrice":148448874 }, 
{ "id":128049373, "Name":"federation_corvette_armour_mirrored", "BuyPrice":350834172 }, 
{ "id":128049374, "Name":"federation_corvette_armour_reactive", "BuyPrice":388771107 }, 
{ "id":128671224, "Name":"empire_courier_armour_grade1", "BuyPrice":0 }, 
{ "id":128671225, "Name":"empire_courier_armour_grade2", "BuyPrice":892569 }, 
{ "id":128671226, "Name":"empire_courier_armour_grade3", "BuyPrice":2008280 }, 
{ "id":128671228, "Name":"empire_courier_armour_reactive", "BuyPrice":5259462 }, 
{ "id":128671227, "Name":"empire_courier_armour_mirrored", "BuyPrice":4746235 }, 
{ "id":128672154, "Name":"federation_gunship_armour_grade1", "BuyPrice":0 }, 
{ "id":128672155, "Name":"federation_gunship_armour_grade2", "BuyPrice":12570787 }, 
{ "id":128672156, "Name":"federation_gunship_armour_grade3", "BuyPrice":28284269 }, 
{ "id":128672158, "Name":"federation_gunship_armour_reactive", "BuyPrice":74073357 }, 
{ "id":128672157, "Name":"federation_gunship_armour_mirrored", "BuyPrice":66845155 }, 
{ "id":128785621, "Name":"type9_military_armour_grade1", "BuyPrice":0 }, 
{ "id":128785622, "Name":"type9_military_armour_grade2", "BuyPrice":43789125 }, 
{ "id":128785623, "Name":"type9_military_armour_grade3", "BuyPrice":98525532 }, 
{ "id":128785625, "Name":"type9_military_armour_reactive", "BuyPrice":258027420 }, 
{ "id":128785624, "Name":"type9_military_armour_mirrored", "BuyPrice":232848673 }, 
{ "id":128672147, "Name":"federation_dropship_mkii_armour_grade1", "BuyPrice":0 }, 
{ "id":128672148, "Name":"federation_dropship_mkii_armour_grade2", "BuyPrice":6954787 }, 
{ "id":128672149, "Name":"federation_dropship_mkii_armour_grade3", "BuyPrice":15648269 }, 
{ "id":128672151, "Name":"federation_dropship_mkii_armour_reactive", "BuyPrice":40981077 }, 
{ "id":128672150, "Name":"federation_dropship_mkii_armour_mirrored", "BuyPrice":36982075 }, 
{ "id":128049316, "Name":"empire_trader_armour_grade1", "BuyPrice":0 }, 
{ "id":128049317, "Name":"empire_trader_armour_grade2", "BuyPrice":7825848 }, 
{ "id":128049318, "Name":"empire_trader_armour_grade3", "BuyPrice":17608156 }, 
{ "id":128049320, "Name":"empire_trader_armour_reactive", "BuyPrice":46113803 }, 
{ "id":128049319, "Name":"empire_trader_armour_mirrored", "BuyPrice":41613941 }, 
{ "id":128672140, "Name":"empire_eagle_armour_grade1", "BuyPrice":0 }, 
{ "id":128672141, "Name":"empire_eagle_armour_grade2", "BuyPrice":58350 }, 
{ "id":128672142, "Name":"empire_eagle_armour_grade3", "BuyPrice":195471 }, 
{ "id":128672144, "Name":"empire_eagle_armour_reactive", "BuyPrice":326466 }, 
{ "id":128672143, "Name":"empire_eagle_armour_mirrored", "BuyPrice":304098 }, 
{ "id":128064338, "Name":"int_cargorack_size1_class1", "BuyPrice":878 }, 
{ "id":128666684, "Name":"int_refinery_size1_class1", "BuyPrice":5265 }, 
{ "id":128666644, "Name":"int_fuelscoop_size1_class1", "BuyPrice":273 }, 
{ "id":128672317, "Name":"int_planetapproachsuite", "BuyPrice":439 }, 
{ "id":128975719, "Name":"int_planetapproachsuite_advanced", "BuyPrice":439 }, 
{ "id":128727932, "Name":"int_fighterbay_size7_class1", "BuyPrice":2079079 }, 
{ "id":128727931, "Name":"int_fighterbay_size6_class1", "BuyPrice":1640346 }, 
{ "id":128727930, "Name":"int_fighterbay_size5_class1", "BuyPrice":505128 }, 
{ "id":129030474, "Name":"int_hyperdrive_overcharge_size5_class3", "BuyPrice":1791488 }, 
{ "id":129030483, "Name":"int_hyperdrive_overcharge_size7_class3", "BuyPrice":18002479 }, 
{ "id":129030484, "Name":"int_hyperdrive_overcharge_size6_class3", "BuyPrice":5679016 }, 
{ "id":129030485, "Name":"int_hyperdrive_overcharge_size4_class3", "BuyPrice":565139 }, 
{ "id":129030600, "Name":"int_hyperdrive_overcharge_size7_class5", "BuyPrice":54007436 }, 
{ "id":129030596, "Name":"int_hyperdrive_overcharge_size6_class5", "BuyPrice":17037047 }, 
{ "id":129030592, "Name":"int_hyperdrive_overcharge_size5_class5", "BuyPrice":5374463 }, 
{ "id":129030588, "Name":"int_hyperdrive_overcharge_size4_class5", "BuyPrice":1695415 }, 
{ "id":129030584, "Name":"int_hyperdrive_overcharge_size3_class5", "BuyPrice":534832 }, 
{ "id":129030580, "Name":"int_hyperdrive_overcharge_size2_class5", "BuyPrice":168717 }, 
{ "id":129030599, "Name":"int_hyperdrive_overcharge_size7_class4", "BuyPrice":18002479 }, 
{ "id":129030595, "Name":"int_hyperdrive_overcharge_size6_class4", "BuyPrice":5679016 }, 
{ "id":129030591, "Name":"int_hyperdrive_overcharge_size5_class4", "BuyPrice":1791488 }, 
{ "id":129030587, "Name":"int_hyperdrive_overcharge_size4_class4", "BuyPrice":565139 }, 
{ "id":129030583, "Name":"int_hyperdrive_overcharge_size3_class4", "BuyPrice":178278 }, 
{ "id":129030579, "Name":"int_hyperdrive_overcharge_size2_class4", "BuyPrice":56239 }, 
{ "id":129030598, "Name":"int_hyperdrive_overcharge_size7_class2", "BuyPrice":18002479 }, 
{ "id":129030594, "Name":"int_hyperdrive_overcharge_size6_class2", "BuyPrice":5679016 }, 
{ "id":129030597, "Name":"int_hyperdrive_overcharge_size7_class1", "BuyPrice":6000827 }, 
{ "id":129030590, "Name":"int_hyperdrive_overcharge_size5_class2", "BuyPrice":1791488 }, 
{ "id":129030593, "Name":"int_hyperdrive_overcharge_size6_class1", "BuyPrice":1893006 }, 
{ "id":129030586, "Name":"int_hyperdrive_overcharge_size4_class2", "BuyPrice":565139 }, 
{ "id":129030589, "Name":"int_hyperdrive_overcharge_size5_class1", "BuyPrice":547400 }, 
{ "id":129030585, "Name":"int_hyperdrive_overcharge_size4_class1", "BuyPrice":188380 }, 
{ "id":129030582, "Name":"int_hyperdrive_overcharge_size3_class2", "BuyPrice":178278 }, 
{ "id":129030578, "Name":"int_hyperdrive_overcharge_size2_class2", "BuyPrice":56239 }, 
{ "id":129030486, "Name":"int_hyperdrive_overcharge_size3_class3", "BuyPrice":178278 }, 
{ "id":129030581, "Name":"int_hyperdrive_overcharge_size3_class1", "BuyPrice":59427 }, 
{ "id":129030487, "Name":"int_hyperdrive_overcharge_size2_class3", "BuyPrice":56239 }, 
{ "id":129030577, "Name":"int_hyperdrive_overcharge_size2_class1", "BuyPrice":18747 }, 
{ "id":128666704, "Name":"int_fsdinterdictor_size1_class1", "BuyPrice":10530 }, 
{ "id":128066532, "Name":"int_dronecontrol_resourcesiphon_size1_class1", "BuyPrice":527 }, 
{ "id":128064263, "Name":"int_shieldgenerator_size2_class1", "BuyPrice":1737 }, 
{ "id":128064112, "Name":"int_hyperdrive_size3_class5", "BuyPrice":445693 }, 
{ "id":128064107, "Name":"int_hyperdrive_size2_class5", "BuyPrice":140597 }, 
{ "id":128064111, "Name":"int_hyperdrive_size3_class4", "BuyPrice":148565 }, 
{ "id":128064106, "Name":"int_hyperdrive_size2_class4", "BuyPrice":46867 }, 
{ "id":128064110, "Name":"int_hyperdrive_size3_class3", "BuyPrice":49523 }, 
{ "id":128064105, "Name":"int_hyperdrive_size2_class3", "BuyPrice":15623 }, 
{ "id":128064109, "Name":"int_hyperdrive_size3_class2", "BuyPrice":16508 }, 
{ "id":128064104, "Name":"int_hyperdrive_size2_class2", "BuyPrice":5208 }, 
{ "id":128064108, "Name":"int_hyperdrive_size3_class1", "BuyPrice":5503 }, 
{ "id":128064103, "Name":"int_hyperdrive_size2_class1", "BuyPrice":1737 }, 
{ "id":128672293, "Name":"int_buggybay_size6_class2", "BuyPrice":606528 }, 
{ "id":128672291, "Name":"int_buggybay_size4_class2", "BuyPrice":75816 }, 
{ "id":128672292, "Name":"int_buggybay_size6_class1", "BuyPrice":505440 }, 
{ "id":128672289, "Name":"int_buggybay_size2_class2", "BuyPrice":18954 }, 
{ "id":128672290, "Name":"int_buggybay_size4_class1", "BuyPrice":63180 }, 
{ "id":128672288, "Name":"int_buggybay_size2_class1", "BuyPrice":15795 }, 
{ "id":128064207, "Name":"int_powerdistributor_size6_class5", "BuyPrice":3049917 }, 
{ "id":128064202, "Name":"int_powerdistributor_size5_class5", "BuyPrice":1089257 }, 
{ "id":128064197, "Name":"int_powerdistributor_size4_class5", "BuyPrice":389022 }, 
{ "id":128064206, "Name":"int_powerdistributor_size6_class4", "BuyPrice":1219967 }, 
{ "id":128064201, "Name":"int_powerdistributor_size5_class4", "BuyPrice":435704 }, 
{ "id":128064196, "Name":"int_powerdistributor_size4_class4", "BuyPrice":155609 }, 
{ "id":128064205, "Name":"int_powerdistributor_size6_class3", "BuyPrice":487987 }, 
{ "id":128064200, "Name":"int_powerdistributor_size5_class3", "BuyPrice":174282 }, 
{ "id":128064204, "Name":"int_powerdistributor_size6_class2", "BuyPrice":195195 }, 
{ "id":128064195, "Name":"int_powerdistributor_size4_class3", "BuyPrice":62244 }, 
{ "id":128064199, "Name":"int_powerdistributor_size5_class2", "BuyPrice":69713 }, 
{ "id":128064203, "Name":"int_powerdistributor_size6_class1", "BuyPrice":78079 }, 
{ "id":128064194, "Name":"int_powerdistributor_size4_class2", "BuyPrice":24898 }, 
{ "id":128064198, "Name":"int_powerdistributor_size5_class1", "BuyPrice":27886 }, 
{ "id":128064193, "Name":"int_powerdistributor_size4_class1", "BuyPrice":9960 }, 
{ "id":128671272, "Name":"int_dronecontrol_prospector_size1_class4", "BuyPrice":4212 }, 
{ "id":128671284, "Name":"int_dronecontrol_prospector_size7_class1", "BuyPrice":383819 }, 
{ "id":128671280, "Name":"int_dronecontrol_prospector_size5_class2", "BuyPrice":85293 }, 
{ "id":128671276, "Name":"int_dronecontrol_prospector_size3_class3", "BuyPrice":18954 }, 
{ "id":128671271, "Name":"int_dronecontrol_prospector_size1_class3", "BuyPrice":2106 }, 
{ "id":128671279, "Name":"int_dronecontrol_prospector_size5_class1", "BuyPrice":42647 }, 
{ "id":128671275, "Name":"int_dronecontrol_prospector_size3_class2", "BuyPrice":9477 }, 
{ "id":128671270, "Name":"int_dronecontrol_prospector_size1_class2", "BuyPrice":1053 }, 
{ "id":128671274, "Name":"int_dronecontrol_prospector_size3_class1", "BuyPrice":4739 }, 
{ "id":128671269, "Name":"int_dronecontrol_prospector_size1_class1", "BuyPrice":527 }, 
{ "id":128064327, "Name":"int_shieldcellbank_size6_class5", "BuyPrice":3049917 }, 
{ "id":128064322, "Name":"int_shieldcellbank_size5_class5", "BuyPrice":1089257 }, 
{ "id":128064317, "Name":"int_shieldcellbank_size4_class5", "BuyPrice":389022 }, 
{ "id":128064326, "Name":"int_shieldcellbank_size6_class4", "BuyPrice":1219967 }, 
{ "id":128064321, "Name":"int_shieldcellbank_size5_class4", "BuyPrice":435704 }, 
{ "id":128064316, "Name":"int_shieldcellbank_size4_class4", "BuyPrice":155609 }, 
{ "id":128064325, "Name":"int_shieldcellbank_size6_class3", "BuyPrice":487987 }, 
{ "id":128064320, "Name":"int_shieldcellbank_size5_class3", "BuyPrice":174282 }, 
{ "id":128064324, "Name":"int_shieldcellbank_size6_class2", "BuyPrice":195195 }, 
{ "id":128064315, "Name":"int_shieldcellbank_size4_class3", "BuyPrice":62244 }, 
{ "id":128064319, "Name":"int_shieldcellbank_size5_class2", "BuyPrice":69713 }, 
{ "id":128064323, "Name":"int_shieldcellbank_size6_class1", "BuyPrice":78079 }, 
{ "id":128064314, "Name":"int_shieldcellbank_size4_class2", "BuyPrice":24898 }, 
{ "id":128064318, "Name":"int_shieldcellbank_size5_class1", "BuyPrice":27886 }, 
{ "id":128064313, "Name":"int_shieldcellbank_size4_class1", "BuyPrice":9960 }, 
{ "id":128668546, "Name":"int_hullreinforcement_size5_class2", "BuyPrice":394875 }, 
{ "id":128737279, "Name":"int_modulereinforcement_size5_class2", "BuyPrice":394875 }, 
{ "id":128668544, "Name":"int_hullreinforcement_size4_class2", "BuyPrice":171113 }, 
{ "id":128737277, "Name":"int_modulereinforcement_size4_class2", "BuyPrice":171113 }, 
{ "id":128668542, "Name":"int_hullreinforcement_size3_class2", "BuyPrice":73710 }, 
{ "id":128737275, "Name":"int_modulereinforcement_size3_class2", "BuyPrice":73710 }, 
{ "id":128668540, "Name":"int_hullreinforcement_size2_class2", "BuyPrice":31590 }, 
{ "id":128737273, "Name":"int_modulereinforcement_size2_class2", "BuyPrice":31590 }, 
{ "id":128668538, "Name":"int_hullreinforcement_size1_class2", "BuyPrice":13163 }, 
{ "id":128737271, "Name":"int_modulereinforcement_size1_class2", "BuyPrice":13163 }, 
{ "id":128727929, "Name":"int_passengercabin_size6_class4", "BuyPrice":4364938 }, 
{ "id":128727928, "Name":"int_passengercabin_size6_class3", "BuyPrice":484994 }, 
{ "id":128727927, "Name":"int_passengercabin_size6_class2", "BuyPrice":161664 }, 
{ "id":128727926, "Name":"int_passengercabin_size6_class1", "BuyPrice":53888 }, 
{ "id":128727925, "Name":"int_passengercabin_size5_class4", "BuyPrice":1454979 }, 
{ "id":128727924, "Name":"int_passengercabin_size4_class3", "BuyPrice":149690 }, 
{ "id":128734692, "Name":"int_passengercabin_size3_class2", "BuyPrice":23435 }, 
{ "id":128734695, "Name":"int_passengercabin_size5_class3", "BuyPrice":298813 }, 
{ "id":128727922, "Name":"int_passengercabin_size4_class1", "BuyPrice":16633 }, 
{ "id":128727923, "Name":"int_passengercabin_size4_class2", "BuyPrice":49897 }, 
{ "id":128734690, "Name":"int_passengercabin_size2_class1", "BuyPrice":3784 }, 
{ "id":128734691, "Name":"int_passengercabin_size3_class1", "BuyPrice":7598 }, 
{ "id":128734693, "Name":"int_passengercabin_size5_class1", "BuyPrice":30673 }, 
{ "id":128734694, "Name":"int_passengercabin_size5_class2", "BuyPrice":81048 }, 
{ "id":128666634, "Name":"int_detailedsurfacescanner_tiny", "BuyPrice":219375 }, 
{ "id":128668536, "Name":"hpt_shieldbooster_size0_class5", "BuyPrice":246578 }, 
{ "id":128668535, "Name":"hpt_shieldbooster_size0_class4", "BuyPrice":107055 }, 
{ "id":128668534, "Name":"hpt_shieldbooster_size0_class3", "BuyPrice":46508 }, 
{ "id":128668533, "Name":"hpt_shieldbooster_size0_class2", "BuyPrice":20183 }, 
{ "id":128668532, "Name":"hpt_shieldbooster_size0_class1", "BuyPrice":8775 }, 
{ "id":128064057, "Name":"int_powerplant_size6_class5", "BuyPrice":11382139 }, 
{ "id":128064052, "Name":"int_powerplant_size5_class5", "BuyPrice":3794047 }, 
{ "id":128064047, "Name":"int_powerplant_size4_class5", "BuyPrice":1264683 }, 
{ "id":128064056, "Name":"int_powerplant_size6_class4", "BuyPrice":3794047 }, 
{ "id":128064051, "Name":"int_powerplant_size5_class4", "BuyPrice":1264683 }, 
{ "id":128064046, "Name":"int_powerplant_size4_class4", "BuyPrice":421561 }, 
{ "id":128064055, "Name":"int_powerplant_size6_class3", "BuyPrice":1264683 }, 
{ "id":128064050, "Name":"int_powerplant_size5_class3", "BuyPrice":421561 }, 
{ "id":128064054, "Name":"int_powerplant_size6_class2", "BuyPrice":421561 }, 
{ "id":128064045, "Name":"int_powerplant_size4_class3", "BuyPrice":140521 }, 
{ "id":128064049, "Name":"int_powerplant_size5_class2", "BuyPrice":140521 }, 
{ "id":128064053, "Name":"int_powerplant_size6_class1", "BuyPrice":140521 }, 
{ "id":128064044, "Name":"int_powerplant_size4_class2", "BuyPrice":46841 }, 
{ "id":128064048, "Name":"int_powerplant_size5_class1", "BuyPrice":46841 }, 
{ "id":128064043, "Name":"int_powerplant_size4_class1", "BuyPrice":15614 }, 
{ "id":128064042, "Name":"int_powerplant_size3_class5", "BuyPrice":421561 }, 
{ "id":128064037, "Name":"int_powerplant_size2_class5", "BuyPrice":140521 }, 
{ "id":128064041, "Name":"int_powerplant_size3_class4", "BuyPrice":140521 }, 
{ "id":128064036, "Name":"int_powerplant_size2_class4", "BuyPrice":46841 }, 
{ "id":128064040, "Name":"int_powerplant_size3_class3", "BuyPrice":46841 }, 
{ "id":128064035, "Name":"int_powerplant_size2_class3", "BuyPrice":15614 }, 
{ "id":128064039, "Name":"int_powerplant_size3_class2", "BuyPrice":15614 }, 
{ "id":128064034, "Name":"int_powerplant_size2_class2", "BuyPrice":5205 }, 
{ "id":128064038, "Name":"int_powerplant_size3_class1", "BuyPrice":5205 }, 
{ "id":128064033, "Name":"int_powerplant_size2_class1", "BuyPrice":1736 }, 
{ "id":128064192, "Name":"int_powerdistributor_size3_class5", "BuyPrice":138936 }, 
{ "id":128064182, "Name":"int_powerdistributor_size1_class5", "BuyPrice":17722 }, 
{ "id":128064187, "Name":"int_powerdistributor_size2_class5", "BuyPrice":49621 }, 
{ "id":128064191, "Name":"int_powerdistributor_size3_class4", "BuyPrice":55575 }, 
{ "id":128064181, "Name":"int_powerdistributor_size1_class4", "BuyPrice":7090 }, 
{ "id":128064186, "Name":"int_powerdistributor_size2_class4", "BuyPrice":19850 }, 
{ "id":128064190, "Name":"int_powerdistributor_size3_class3", "BuyPrice":22230 }, 
{ "id":128064180, "Name":"int_powerdistributor_size1_class3", "BuyPrice":2836 }, 
{ "id":128064185, "Name":"int_powerdistributor_size2_class3", "BuyPrice":7941 }, 
{ "id":128064189, "Name":"int_powerdistributor_size3_class2", "BuyPrice":8892 }, 
{ "id":128064179, "Name":"int_powerdistributor_size1_class2", "BuyPrice":1135 }, 
{ "id":128064184, "Name":"int_powerdistributor_size2_class2", "BuyPrice":3177 }, 
{ "id":128064188, "Name":"int_powerdistributor_size3_class1", "BuyPrice":3557 }, 
{ "id":128064178, "Name":"int_powerdistributor_size1_class1", "BuyPrice":455 }, 
{ "id":128064183, "Name":"int_powerdistributor_size2_class1", "BuyPrice":1272 }, 
{ "id":128671288, "Name":"int_dronecontrol_prospector_size7_class5", "BuyPrice":6141096 }, 
{ "id":128671283, "Name":"int_dronecontrol_prospector_size5_class5", "BuyPrice":682344 }, 
{ "id":128671278, "Name":"int_dronecontrol_prospector_size3_class5", "BuyPrice":75816 }, 
{ "id":128671273, "Name":"int_dronecontrol_prospector_size1_class5", "BuyPrice":8424 }, 
{ "id":128671287, "Name":"int_dronecontrol_prospector_size7_class4", "BuyPrice":3070548 }, 
{ "id":128671282, "Name":"int_dronecontrol_prospector_size5_class4", "BuyPrice":341172 }, 
{ "id":128671286, "Name":"int_dronecontrol_prospector_size7_class3", "BuyPrice":1535274 }, 
{ "id":128671277, "Name":"int_dronecontrol_prospector_size3_class4", "BuyPrice":37908 }, 
{ "id":128671285, "Name":"int_dronecontrol_prospector_size7_class2", "BuyPrice":767637 }, 
{ "id":128671281, "Name":"int_dronecontrol_prospector_size5_class3", "BuyPrice":170586 }, 
{ "id":128064127, "Name":"int_hyperdrive_size6_class5", "BuyPrice":14197539 }, 
{ "id":128064122, "Name":"int_hyperdrive_size5_class5", "BuyPrice":4478720 }, 
{ "id":128064117, "Name":"int_hyperdrive_size4_class5", "BuyPrice":1412846 }, 
{ "id":128064126, "Name":"int_hyperdrive_size6_class4", "BuyPrice":4732514 }, 
{ "id":128064121, "Name":"int_hyperdrive_size5_class4", "BuyPrice":1492908 }, 
{ "id":128064116, "Name":"int_hyperdrive_size4_class4", "BuyPrice":470949 }, 
{ "id":128064125, "Name":"int_hyperdrive_size6_class3", "BuyPrice":1577506 }, 
{ "id":128064120, "Name":"int_hyperdrive_size5_class3", "BuyPrice":497637 }, 
{ "id":128064124, "Name":"int_hyperdrive_size6_class2", "BuyPrice":525836 }, 
{ "id":128064115, "Name":"int_hyperdrive_size4_class3", "BuyPrice":156984 }, 
{ "id":128064119, "Name":"int_hyperdrive_size5_class2", "BuyPrice":165879 }, 
{ "id":128064123, "Name":"int_hyperdrive_size6_class1", "BuyPrice":175279 }, 
{ "id":128064114, "Name":"int_hyperdrive_size4_class2", "BuyPrice":52329 }, 
{ "id":128064118, "Name":"int_hyperdrive_size5_class1", "BuyPrice":55294 }, 
{ "id":128064113, "Name":"int_hyperdrive_size4_class1", "BuyPrice":17444 }, 
{ "id":128064272, "Name":"int_shieldgenerator_size3_class5", "BuyPrice":445693 }, 
{ "id":128064267, "Name":"int_shieldgenerator_size2_class5", "BuyPrice":140597 }, 
{ "id":128064271, "Name":"int_shieldgenerator_size3_class4", "BuyPrice":148565 }, 
{ "id":128064266, "Name":"int_shieldgenerator_size2_class4", "BuyPrice":46867 }, 
{ "id":128671333, "Name":"int_shieldgenerator_size3_class3_fast", "BuyPrice":74284 }, 
{ "id":128671331, "Name":"int_shieldgenerator_size1_class3_fast", "BuyPrice":6769 }, 
{ "id":128671332, "Name":"int_shieldgenerator_size2_class3_fast", "BuyPrice":23435 }, 
{ "id":128064270, "Name":"int_shieldgenerator_size3_class3", "BuyPrice":49523 }, 
{ "id":128064265, "Name":"int_shieldgenerator_size2_class3", "BuyPrice":15623 }, 
{ "id":128064269, "Name":"int_shieldgenerator_size3_class2", "BuyPrice":16508 }, 
{ "id":128064264, "Name":"int_shieldgenerator_size2_class2", "BuyPrice":5208 }, 
{ "id":128064268, "Name":"int_shieldgenerator_size3_class1", "BuyPrice":5503 }, 
{ "id":128666701, "Name":"int_refinery_size2_class5", "BuyPrice":895577 }, 
{ "id":128666697, "Name":"int_refinery_size2_class4", "BuyPrice":298526 }, 
{ "id":128666693, "Name":"int_refinery_size2_class3", "BuyPrice":99509 }, 
{ "id":128666700, "Name":"int_refinery_size1_class5", "BuyPrice":426465 }, 
{ "id":128666696, "Name":"int_refinery_size1_class4", "BuyPrice":142155 }, 
{ "id":128666689, "Name":"int_refinery_size2_class2", "BuyPrice":33170 }, 
{ "id":128666692, "Name":"int_refinery_size1_class3", "BuyPrice":47385 }, 
{ "id":128666685, "Name":"int_refinery_size2_class1", "BuyPrice":11057 }, 
{ "id":128666688, "Name":"int_refinery_size1_class2", "BuyPrice":15795 }, 
{ "id":128666721, "Name":"int_fsdinterdictor_size2_class5", "BuyPrice":2388204 }, 
{ "id":128666717, "Name":"int_fsdinterdictor_size2_class4", "BuyPrice":796068 }, 
{ "id":128666713, "Name":"int_fsdinterdictor_size2_class3", "BuyPrice":265356 }, 
{ "id":128666720, "Name":"int_fsdinterdictor_size1_class5", "BuyPrice":852930 }, 
{ "id":128666716, "Name":"int_fsdinterdictor_size1_class4", "BuyPrice":284310 }, 
{ "id":128666712, "Name":"int_fsdinterdictor_size1_class3", "BuyPrice":94770 }, 
{ "id":128666709, "Name":"int_fsdinterdictor_size2_class2", "BuyPrice":88452 }, 
{ "id":128666708, "Name":"int_fsdinterdictor_size1_class2", "BuyPrice":31590 }, 
{ "id":128666705, "Name":"int_fsdinterdictor_size2_class1", "BuyPrice":29484 }, 
{ "id":128666678, "Name":"int_fuelscoop_size3_class5", "BuyPrice":792343 }, 
{ "id":128666670, "Name":"int_fuelscoop_size3_class4", "BuyPrice":198086 }, 
{ "id":128666677, "Name":"int_fuelscoop_size2_class5", "BuyPrice":249951 }, 
{ "id":128666662, "Name":"int_fuelscoop_size3_class3", "BuyPrice":49523 }, 
{ "id":128666669, "Name":"int_fuelscoop_size2_class4", "BuyPrice":62488 }, 
{ "id":128666676, "Name":"int_fuelscoop_size1_class5", "BuyPrice":72192 }, 
{ "id":128666661, "Name":"int_fuelscoop_size2_class3", "BuyPrice":15623 }, 
{ "id":128666668, "Name":"int_fuelscoop_size1_class4", "BuyPrice":18050 }, 
{ "id":128666654, "Name":"int_fuelscoop_size3_class2", "BuyPrice":12382 }, 
{ "id":128666660, "Name":"int_fuelscoop_size1_class3", "BuyPrice":4513 }, 
{ "id":128666653, "Name":"int_fuelscoop_size2_class2", "BuyPrice":3906 }, 
{ "id":128666646, "Name":"int_fuelscoop_size3_class1", "BuyPrice":2972 }, 
{ "id":128666652, "Name":"int_fuelscoop_size1_class2", "BuyPrice":1129 }, 
{ "id":128666645, "Name":"int_fuelscoop_size2_class1", "BuyPrice":938 }, 
{ "id":128064252, "Name":"int_sensors_size7_class5", "BuyPrice":8539765 }, 
{ "id":128064257, "Name":"int_sensors_size8_class5", "BuyPrice":23911341 }, 
{ "id":128064256, "Name":"int_sensors_size8_class4", "BuyPrice":9564537 }, 
{ "id":128064251, "Name":"int_sensors_size7_class4", "BuyPrice":3415906 }, 
{ "id":128064255, "Name":"int_sensors_size8_class3", "BuyPrice":3825816 }, 
{ "id":128064250, "Name":"int_sensors_size7_class3", "BuyPrice":1366364 }, 
{ "id":128064254, "Name":"int_sensors_size8_class2", "BuyPrice":1530326 }, 
{ "id":128064249, "Name":"int_sensors_size7_class2", "BuyPrice":546546 }, 
{ "id":128064253, "Name":"int_sensors_size8_class1", "BuyPrice":612131 }, 
{ "id":128064248, "Name":"int_sensors_size7_class1", "BuyPrice":218619 }, 
{ "id":129001924, "Name":"int_multidronecontrol_operations_size3_class4", "BuyPrice":70200 }, 
{ "id":129001923, "Name":"int_multidronecontrol_operations_size3_class3", "BuyPrice":43875 }, 
{ "id":128064077, "Name":"int_engine_size3_class5", "BuyPrice":445693 }, 
{ "id":128064072, "Name":"int_engine_size2_class5", "BuyPrice":140597 }, 
{ "id":128064076, "Name":"int_engine_size3_class4", "BuyPrice":148565 }, 
{ "id":128064071, "Name":"int_engine_size2_class4", "BuyPrice":46867 }, 
{ "id":128064075, "Name":"int_engine_size3_class3", "BuyPrice":49523 }, 
{ "id":128064070, "Name":"int_engine_size2_class3", "BuyPrice":15623 }, 
{ "id":128064074, "Name":"int_engine_size3_class2", "BuyPrice":16508 }, 
{ "id":128064069, "Name":"int_engine_size2_class2", "BuyPrice":5208 }, 
{ "id":128064073, "Name":"int_engine_size3_class1", "BuyPrice":5503 }, 
{ "id":128064068, "Name":"int_engine_size2_class1", "BuyPrice":1737 }, 
{ "id":128666703, "Name":"int_refinery_size4_class5", "BuyPrice":3949493 }, 
{ "id":128666699, "Name":"int_refinery_size4_class4", "BuyPrice":1316498 }, 
{ "id":128666695, "Name":"int_refinery_size4_class3", "BuyPrice":438833 }, 
{ "id":128666702, "Name":"int_refinery_size3_class5", "BuyPrice":1880711 }, 
{ "id":128666698, "Name":"int_refinery_size3_class4", "BuyPrice":626904 }, 
{ "id":128666691, "Name":"int_refinery_size4_class2", "BuyPrice":146279 }, 
{ "id":128666694, "Name":"int_refinery_size3_class3", "BuyPrice":208968 }, 
{ "id":128666687, "Name":"int_refinery_size4_class1", "BuyPrice":48760 }, 
{ "id":128666690, "Name":"int_refinery_size3_class2", "BuyPrice":69656 }, 
{ "id":129001922, "Name":"int_multidronecontrol_mining_size3_class3", "BuyPrice":43875 }, 
{ "id":128666686, "Name":"int_refinery_size3_class1", "BuyPrice":23219 }, 
{ "id":129001921, "Name":"int_multidronecontrol_mining_size3_class1", "BuyPrice":13163 }, 
{ "id":128064312, "Name":"int_shieldcellbank_size3_class5", "BuyPrice":138936 }, 
{ "id":128064302, "Name":"int_shieldcellbank_size1_class5", "BuyPrice":17722 }, 
{ "id":128064307, "Name":"int_shieldcellbank_size2_class5", "BuyPrice":49621 }, 
{ "id":128064311, "Name":"int_shieldcellbank_size3_class4", "BuyPrice":55575 }, 
{ "id":128064301, "Name":"int_shieldcellbank_size1_class4", "BuyPrice":7090 }, 
{ "id":128064306, "Name":"int_shieldcellbank_size2_class4", "BuyPrice":19850 }, 
{ "id":128064310, "Name":"int_shieldcellbank_size3_class3", "BuyPrice":22230 }, 
{ "id":128064300, "Name":"int_shieldcellbank_size1_class3", "BuyPrice":2836 }, 
{ "id":128064305, "Name":"int_shieldcellbank_size2_class3", "BuyPrice":7941 }, 
{ "id":128064309, "Name":"int_shieldcellbank_size3_class2", "BuyPrice":8892 }, 
{ "id":128064299, "Name":"int_shieldcellbank_size1_class2", "BuyPrice":1135 }, 
{ "id":128064304, "Name":"int_shieldcellbank_size2_class2", "BuyPrice":3177 }, 
{ "id":128064308, "Name":"int_shieldcellbank_size3_class1", "BuyPrice":3557 }, 
{ "id":128064298, "Name":"int_shieldcellbank_size1_class1", "BuyPrice":455 }, 
{ "id":128064303, "Name":"int_shieldcellbank_size2_class1", "BuyPrice":1272 }, 
{ "id":128667637, "Name":"int_repairer_size8_class5", "BuyPrice":43515070 }, 
{ "id":128667629, "Name":"int_repairer_size8_class4", "BuyPrice":14505024 }, 
{ "id":128667636, "Name":"int_repairer_size7_class5", "BuyPrice":24175039 }, 
{ "id":128667621, "Name":"int_repairer_size8_class3", "BuyPrice":4835008 }, 
{ "id":128667628, "Name":"int_repairer_size7_class4", "BuyPrice":8058346 }, 
{ "id":128667635, "Name":"int_repairer_size6_class5", "BuyPrice":13430578 }, 
{ "id":128667620, "Name":"int_repairer_size7_class3", "BuyPrice":2686116 }, 
{ "id":128667627, "Name":"int_repairer_size6_class4", "BuyPrice":4476860 }, 
{ "id":128667634, "Name":"int_repairer_size5_class5", "BuyPrice":7461433 }, 
{ "id":128667613, "Name":"int_repairer_size8_class2", "BuyPrice":1611670 }, 
{ "id":128667619, "Name":"int_repairer_size6_class3", "BuyPrice":1492287 }, 
{ "id":128667626, "Name":"int_repairer_size5_class4", "BuyPrice":2487145 }, 
{ "id":128667633, "Name":"int_repairer_size4_class5", "BuyPrice":4145240 }, 
{ "id":128667612, "Name":"int_repairer_size7_class2", "BuyPrice":895373 }, 
{ "id":128667618, "Name":"int_repairer_size5_class3", "BuyPrice":829049 }, 
{ "id":128667625, "Name":"int_repairer_size4_class4", "BuyPrice":1381747 }, 
{ "id":128667632, "Name":"int_repairer_size3_class5", "BuyPrice":2302911 }, 
{ "id":128667617, "Name":"int_repairer_size4_class3", "BuyPrice":460583 }, 
{ "id":128667624, "Name":"int_repairer_size3_class4", "BuyPrice":767637 }, 
{ "id":128667631, "Name":"int_repairer_size2_class5", "BuyPrice":1279395 }, 
{ "id":128667630, "Name":"int_repairer_size1_class5", "BuyPrice":710775 }, 
{ "id":128671268, "Name":"int_dronecontrol_fueltransfer_size7_class5", "BuyPrice":6141096 }, 
{ "id":128777346, "Name":"int_dronecontrol_repair_size7_class5", "BuyPrice":6141096 }, 
{ "id":128833944, "Name":"int_corrosionproofcargorack_size4_class1", "BuyPrice":82774 }, 
{ "id":128671263, "Name":"int_dronecontrol_fueltransfer_size5_class5", "BuyPrice":682344 }, 
{ "id":128777341, "Name":"int_dronecontrol_repair_size5_class5", "BuyPrice":682344 }, 
{ "id":128671258, "Name":"int_dronecontrol_fueltransfer_size3_class5", "BuyPrice":75816 }, 
{ "id":128777336, "Name":"int_dronecontrol_repair_size3_class5", "BuyPrice":75816 }, 
{ "id":128671253, "Name":"int_dronecontrol_fueltransfer_size1_class5", "BuyPrice":8424 }, 
{ "id":128777331, "Name":"int_dronecontrol_repair_size1_class5", "BuyPrice":8424 }, 
{ "id":128671267, "Name":"int_dronecontrol_fueltransfer_size7_class4", "BuyPrice":3070548 }, 
{ "id":128777345, "Name":"int_dronecontrol_repair_size7_class4", "BuyPrice":3070548 }, 
{ "id":128671262, "Name":"int_dronecontrol_fueltransfer_size5_class4", "BuyPrice":341172 }, 
{ "id":128777340, "Name":"int_dronecontrol_repair_size5_class4", "BuyPrice":341172 }, 
{ "id":128671266, "Name":"int_dronecontrol_fueltransfer_size7_class3", "BuyPrice":1535274 }, 
{ "id":128777344, "Name":"int_dronecontrol_repair_size7_class3", "BuyPrice":1535274 }, 
{ "id":128671257, "Name":"int_dronecontrol_fueltransfer_size3_class4", "BuyPrice":37908 }, 
{ "id":128777335, "Name":"int_dronecontrol_repair_size3_class4", "BuyPrice":37908 }, 
{ "id":128671265, "Name":"int_dronecontrol_fueltransfer_size7_class2", "BuyPrice":767637 }, 
{ "id":128777343, "Name":"int_dronecontrol_repair_size7_class2", "BuyPrice":767637 }, 
{ "id":128671261, "Name":"int_dronecontrol_fueltransfer_size5_class3", "BuyPrice":170586 }, 
{ "id":128777339, "Name":"int_dronecontrol_repair_size5_class3", "BuyPrice":170586 }, 
{ "id":128666683, "Name":"int_fuelscoop_size8_class5", "BuyPrice":253634918 }, 
{ "id":128666675, "Name":"int_fuelscoop_size8_class4", "BuyPrice":63408730 }, 
{ "id":128666682, "Name":"int_fuelscoop_size7_class5", "BuyPrice":80011016 }, 
{ "id":128666667, "Name":"int_fuelscoop_size8_class3", "BuyPrice":15852183 }, 
{ "id":128666674, "Name":"int_fuelscoop_size7_class4", "BuyPrice":20002754 }, 
{ "id":128666666, "Name":"int_fuelscoop_size7_class3", "BuyPrice":5000689 }, 
{ "id":128666659, "Name":"int_fuelscoop_size8_class2", "BuyPrice":3963046 }, 
{ "id":128666658, "Name":"int_fuelscoop_size7_class2", "BuyPrice":1250174 }, 
{ "id":128666651, "Name":"int_fuelscoop_size8_class1", "BuyPrice":951132 }, 
{ "id":128666650, "Name":"int_fuelscoop_size7_class1", "BuyPrice":300042 }, 
{ "id":128066551, "Name":"int_dronecontrol_resourcesiphon_size7_class5", "BuyPrice":6141096 }, 
{ "id":128066546, "Name":"int_dronecontrol_resourcesiphon_size5_class5", "BuyPrice":682344 }, 
{ "id":128066550, "Name":"int_dronecontrol_resourcesiphon_size7_class4", "BuyPrice":3070548 }, 
{ "id":128066545, "Name":"int_dronecontrol_resourcesiphon_size5_class4", "BuyPrice":341172 }, 
{ "id":128066549, "Name":"int_dronecontrol_resourcesiphon_size7_class3", "BuyPrice":1535274 }, 
{ "id":128066548, "Name":"int_dronecontrol_resourcesiphon_size7_class2", "BuyPrice":767637 }, 
{ "id":128066544, "Name":"int_dronecontrol_resourcesiphon_size5_class3", "BuyPrice":170586 }, 
{ "id":128066547, "Name":"int_dronecontrol_resourcesiphon_size7_class1", "BuyPrice":383819 }, 
{ "id":128066543, "Name":"int_dronecontrol_resourcesiphon_size5_class2", "BuyPrice":85293 }, 
{ "id":128066542, "Name":"int_dronecontrol_resourcesiphon_size5_class1", "BuyPrice":42647 }, 
{ "id":129001928, "Name":"int_multidronecontrol_xeno_size3_class4", "BuyPrice":70200 }, 
{ "id":129001927, "Name":"int_multidronecontrol_xeno_size3_class3", "BuyPrice":43875 }, 
{ "id":128793116, "Name":"int_dronecontrol_unkvesselresearch", "BuyPrice":1535274 }, 
{ "id":128667605, "Name":"int_repairer_size8_class1", "BuyPrice":537224 }, 
{ "id":128667611, "Name":"int_repairer_size6_class2", "BuyPrice":497429 }, 
{ "id":128667604, "Name":"int_repairer_size7_class1", "BuyPrice":298458 }, 
{ "id":128667610, "Name":"int_repairer_size5_class2", "BuyPrice":276351 }, 
{ "id":128667616, "Name":"int_repairer_size3_class3", "BuyPrice":255879 }, 
{ "id":128667623, "Name":"int_repairer_size2_class4", "BuyPrice":426465 }, 
{ "id":129001926, "Name":"int_multidronecontrol_rescue_size3_class3", "BuyPrice":43875 }, 
{ "id":128667603, "Name":"int_repairer_size6_class1", "BuyPrice":165811 }, 
{ "id":128667609, "Name":"int_repairer_size4_class2", "BuyPrice":153528 }, 
{ "id":128667615, "Name":"int_repairer_size2_class3", "BuyPrice":142155 }, 
{ "id":128667622, "Name":"int_repairer_size1_class4", "BuyPrice":236925 }, 
{ "id":128667602, "Name":"int_repairer_size5_class1", "BuyPrice":92118 }, 
{ "id":128667608, "Name":"int_repairer_size3_class2", "BuyPrice":85293 }, 
{ "id":128667614, "Name":"int_repairer_size1_class3", "BuyPrice":78975 }, 
{ "id":128667601, "Name":"int_repairer_size4_class1", "BuyPrice":51176 }, 
{ "id":128667607, "Name":"int_repairer_size2_class2", "BuyPrice":47385 }, 
{ "id":128667600, "Name":"int_repairer_size3_class1", "BuyPrice":28431 }, 
{ "id":128667606, "Name":"int_repairer_size1_class2", "BuyPrice":26325 }, 
{ "id":129001925, "Name":"int_multidronecontrol_rescue_size3_class2", "BuyPrice":26325 }, 
{ "id":128667599, "Name":"int_repairer_size2_class1", "BuyPrice":15795 }, 
{ "id":128667598, "Name":"int_repairer_size1_class1", "BuyPrice":8775 }, 
{ "id":128064232, "Name":"int_sensors_size3_class5", "BuyPrice":138936 }, 
{ "id":128064222, "Name":"int_sensors_size1_class5", "BuyPrice":17722 }, 
{ "id":128064227, "Name":"int_sensors_size2_class5", "BuyPrice":49621 }, 
{ "id":128064231, "Name":"int_sensors_size3_class4", "BuyPrice":55575 }, 
{ "id":128064221, "Name":"int_sensors_size1_class4", "BuyPrice":7090 }, 
{ "id":128064226, "Name":"int_sensors_size2_class4", "BuyPrice":19850 }, 
{ "id":128064230, "Name":"int_sensors_size3_class3", "BuyPrice":22230 }, 
{ "id":128064220, "Name":"int_sensors_size1_class3", "BuyPrice":2836 }, 
{ "id":128064225, "Name":"int_sensors_size2_class3", "BuyPrice":7941 }, 
{ "id":128064229, "Name":"int_sensors_size3_class2", "BuyPrice":8892 }, 
{ "id":128064219, "Name":"int_sensors_size1_class2", "BuyPrice":1135 }, 
{ "id":128064224, "Name":"int_sensors_size2_class2", "BuyPrice":3177 }, 
{ "id":128064228, "Name":"int_sensors_size3_class1", "BuyPrice":3557 }, 
{ "id":128064218, "Name":"int_sensors_size1_class1", "BuyPrice":455 }, 
{ "id":128064223, "Name":"int_sensors_size2_class1", "BuyPrice":1272 }, 
{ "id":128671252, "Name":"int_dronecontrol_fueltransfer_size1_class4", "BuyPrice":4212 }, 
{ "id":128777330, "Name":"int_dronecontrol_repair_size1_class4", "BuyPrice":4212 }, 
{ "id":128671264, "Name":"int_dronecontrol_fueltransfer_size7_class1", "BuyPrice":383819 }, 
{ "id":128777342, "Name":"int_dronecontrol_repair_size7_class1", "BuyPrice":383819 }, 
{ "id":128671260, "Name":"int_dronecontrol_fueltransfer_size5_class2", "BuyPrice":85293 }, 
{ "id":128777338, "Name":"int_dronecontrol_repair_size5_class2", "BuyPrice":85293 }, 
{ "id":128671256, "Name":"int_dronecontrol_fueltransfer_size3_class3", "BuyPrice":18954 }, 
{ "id":128777334, "Name":"int_dronecontrol_repair_size3_class3", "BuyPrice":18954 }, 
{ "id":128671251, "Name":"int_dronecontrol_fueltransfer_size1_class3", "BuyPrice":2106 }, 
{ "id":128777329, "Name":"int_dronecontrol_repair_size1_class3", "BuyPrice":2106 }, 
{ "id":128671259, "Name":"int_dronecontrol_fueltransfer_size5_class1", "BuyPrice":42647 }, 
{ "id":128777337, "Name":"int_dronecontrol_repair_size5_class1", "BuyPrice":42647 }, 
{ "id":128671255, "Name":"int_dronecontrol_fueltransfer_size3_class2", "BuyPrice":9477 }, 
{ "id":128777333, "Name":"int_dronecontrol_repair_size3_class2", "BuyPrice":9477 }, 
{ "id":128671250, "Name":"int_dronecontrol_fueltransfer_size1_class2", "BuyPrice":1053 }, 
{ "id":128777328, "Name":"int_dronecontrol_repair_size1_class2", "BuyPrice":1053 }, 
{ "id":128671254, "Name":"int_dronecontrol_fueltransfer_size3_class1", "BuyPrice":4739 }, 
{ "id":128777332, "Name":"int_dronecontrol_repair_size3_class1", "BuyPrice":4739 }, 
{ "id":128671249, "Name":"int_dronecontrol_fueltransfer_size1_class1", "BuyPrice":527 }, 
{ "id":128777327, "Name":"int_dronecontrol_repair_size1_class1", "BuyPrice":527 }, 
{ "id":128064132, "Name":"int_hyperdrive_size7_class5", "BuyPrice":45006196 }, 
{ "id":128064131, "Name":"int_hyperdrive_size7_class4", "BuyPrice":15002066 }, 
{ "id":128064130, "Name":"int_hyperdrive_size7_class3", "BuyPrice":5000689 }, 
{ "id":128064129, "Name":"int_hyperdrive_size7_class2", "BuyPrice":1666898 }, 
{ "id":128064128, "Name":"int_hyperdrive_size7_class1", "BuyPrice":555633 }, 
{ "id":128668545, "Name":"int_hullreinforcement_size5_class1", "BuyPrice":131625 }, 
{ "id":128737278, "Name":"int_modulereinforcement_size5_class1", "BuyPrice":131625 }, 
{ "id":128668543, "Name":"int_hullreinforcement_size4_class1", "BuyPrice":57038 }, 
{ "id":128737276, "Name":"int_modulereinforcement_size4_class1", "BuyPrice":57038 }, 
{ "id":128668541, "Name":"int_hullreinforcement_size3_class1", "BuyPrice":24570 }, 
{ "id":128737274, "Name":"int_modulereinforcement_size3_class1", "BuyPrice":24570 }, 
{ "id":128668539, "Name":"int_hullreinforcement_size2_class1", "BuyPrice":10530 }, 
{ "id":128737272, "Name":"int_modulereinforcement_size2_class1", "BuyPrice":10530 }, 
{ "id":128668537, "Name":"int_hullreinforcement_size1_class1", "BuyPrice":4388 }, 
{ "id":128737270, "Name":"int_modulereinforcement_size1_class1", "BuyPrice":4388 }, 
{ "id":128064062, "Name":"int_powerplant_size7_class5", "BuyPrice":34146413 }, 
{ "id":128064067, "Name":"int_powerplant_size8_class5", "BuyPrice":102439239 }, 
{ "id":128064066, "Name":"int_powerplant_size8_class4", "BuyPrice":34146413 }, 
{ "id":128064061, "Name":"int_powerplant_size7_class4", "BuyPrice":11382139 }, 
{ "id":128064065, "Name":"int_powerplant_size8_class3", "BuyPrice":11382139 }, 
{ "id":128064060, "Name":"int_powerplant_size7_class3", "BuyPrice":3794047 }, 
{ "id":128064064, "Name":"int_powerplant_size8_class2", "BuyPrice":3794047 }, 
{ "id":128064059, "Name":"int_powerplant_size7_class2", "BuyPrice":1264683 }, 
{ "id":128064063, "Name":"int_powerplant_size8_class1", "BuyPrice":1264683 }, 
{ "id":128064058, "Name":"int_powerplant_size7_class1", "BuyPrice":421561 }, 
{ "id":128064167, "Name":"int_lifesupport_size6_class5", "BuyPrice":3049917 }, 
{ "id":128064162, "Name":"int_lifesupport_size5_class5", "BuyPrice":1089257 }, 
{ "id":128064157, "Name":"int_lifesupport_size4_class5", "BuyPrice":389022 }, 
{ "id":128064166, "Name":"int_lifesupport_size6_class4", "BuyPrice":1219967 }, 
{ "id":128064161, "Name":"int_lifesupport_size5_class4", "BuyPrice":435704 }, 
{ "id":128064156, "Name":"int_lifesupport_size4_class4", "BuyPrice":155609 }, 
{ "id":128064165, "Name":"int_lifesupport_size6_class3", "BuyPrice":487987 }, 
{ "id":128064160, "Name":"int_lifesupport_size5_class3", "BuyPrice":174282 }, 
{ "id":128064164, "Name":"int_lifesupport_size6_class2", "BuyPrice":195195 }, 
{ "id":128064155, "Name":"int_lifesupport_size4_class3", "BuyPrice":62244 }, 
{ "id":128064159, "Name":"int_lifesupport_size5_class2", "BuyPrice":69713 }, 
{ "id":128064163, "Name":"int_lifesupport_size6_class1", "BuyPrice":78079 }, 
{ "id":128064154, "Name":"int_lifesupport_size4_class2", "BuyPrice":24898 }, 
{ "id":128064158, "Name":"int_lifesupport_size5_class1", "BuyPrice":27886 }, 
{ "id":128064153, "Name":"int_lifesupport_size4_class1", "BuyPrice":9960 }, 
{ "id":128666681, "Name":"int_fuelscoop_size6_class5", "BuyPrice":25240068 }, 
{ "id":128666673, "Name":"int_fuelscoop_size6_class4", "BuyPrice":6310018 }, 
{ "id":128666680, "Name":"int_fuelscoop_size5_class5", "BuyPrice":7962167 }, 
{ "id":128666665, "Name":"int_fuelscoop_size6_class3", "BuyPrice":1577506 }, 
{ "id":128666672, "Name":"int_fuelscoop_size5_class4", "BuyPrice":1990543 }, 
{ "id":128666679, "Name":"int_fuelscoop_size4_class5", "BuyPrice":2511725 }, 
{ "id":128666664, "Name":"int_fuelscoop_size5_class3", "BuyPrice":497637 }, 
{ "id":128666671, "Name":"int_fuelscoop_size4_class4", "BuyPrice":627932 }, 
{ "id":128666657, "Name":"int_fuelscoop_size6_class2", "BuyPrice":394376 }, 
{ "id":128666663, "Name":"int_fuelscoop_size4_class3", "BuyPrice":156984 }, 
{ "id":128666656, "Name":"int_fuelscoop_size5_class2", "BuyPrice":124410 }, 
{ "id":128666649, "Name":"int_fuelscoop_size6_class1", "BuyPrice":94652 }, 
{ "id":128666655, "Name":"int_fuelscoop_size4_class2", "BuyPrice":39246 }, 
{ "id":128666648, "Name":"int_fuelscoop_size5_class1", "BuyPrice":29859 }, 
{ "id":128666647, "Name":"int_fuelscoop_size4_class1", "BuyPrice":9420 }, 
{ "id":128064287, "Name":"int_shieldgenerator_size6_class5", "BuyPrice":14197539 }, 
{ "id":128064282, "Name":"int_shieldgenerator_size5_class5", "BuyPrice":4478720 }, 
{ "id":128064277, "Name":"int_shieldgenerator_size4_class5", "BuyPrice":1412846 }, 
{ "id":128064286, "Name":"int_shieldgenerator_size6_class4", "BuyPrice":4732514 }, 
{ "id":128064281, "Name":"int_shieldgenerator_size5_class4", "BuyPrice":1492908 }, 
{ "id":128064276, "Name":"int_shieldgenerator_size4_class4", "BuyPrice":470949 }, 
{ "id":128671336, "Name":"int_shieldgenerator_size6_class3_fast", "BuyPrice":2366258 }, 
{ "id":128064285, "Name":"int_shieldgenerator_size6_class3", "BuyPrice":1577506 }, 
{ "id":128671335, "Name":"int_shieldgenerator_size5_class3_fast", "BuyPrice":746455 }, 
{ "id":128064280, "Name":"int_shieldgenerator_size5_class3", "BuyPrice":497637 }, 
{ "id":128064284, "Name":"int_shieldgenerator_size6_class2", "BuyPrice":525836 }, 
{ "id":128671334, "Name":"int_shieldgenerator_size4_class3_fast", "BuyPrice":235476 }, 
{ "id":128064275, "Name":"int_shieldgenerator_size4_class3", "BuyPrice":156984 }, 
{ "id":128064279, "Name":"int_shieldgenerator_size5_class2", "BuyPrice":165879 }, 
{ "id":128064283, "Name":"int_shieldgenerator_size6_class1", "BuyPrice":175279 }, 
{ "id":128064274, "Name":"int_shieldgenerator_size4_class2", "BuyPrice":52329 }, 
{ "id":128064278, "Name":"int_shieldgenerator_size5_class1", "BuyPrice":55294 }, 
{ "id":128064273, "Name":"int_shieldgenerator_size4_class1", "BuyPrice":17444 }, 
{ "id":128064092, "Name":"int_engine_size6_class5", "BuyPrice":14197539 }, 
{ "id":128064087, "Name":"int_engine_size5_class5", "BuyPrice":4478720 }, 
{ "id":128064082, "Name":"int_engine_size4_class5", "BuyPrice":1412846 }, 
{ "id":128064091, "Name":"int_engine_size6_class4", "BuyPrice":4732514 }, 
{ "id":128064086, "Name":"int_engine_size5_class4", "BuyPrice":1492908 }, 
{ "id":128064081, "Name":"int_engine_size4_class4", "BuyPrice":470949 }, 
{ "id":128064090, "Name":"int_engine_size6_class3", "BuyPrice":1577506 }, 
{ "id":128064085, "Name":"int_engine_size5_class3", "BuyPrice":497637 }, 
{ "id":128064089, "Name":"int_engine_size6_class2", "BuyPrice":525836 }, 
{ "id":128064080, "Name":"int_engine_size4_class3", "BuyPrice":156984 }, 
{ "id":128064084, "Name":"int_engine_size5_class2", "BuyPrice":165879 }, 
{ "id":128064088, "Name":"int_engine_size6_class1", "BuyPrice":175279 }, 
{ "id":128064079, "Name":"int_engine_size4_class2", "BuyPrice":52329 }, 
{ "id":128064083, "Name":"int_engine_size5_class1", "BuyPrice":55294 }, 
{ "id":128064078, "Name":"int_engine_size4_class1", "BuyPrice":17444 }, 
{ "id":128064353, "Name":"int_fueltank_size8_class3", "BuyPrice":4763448 }, 
{ "id":128064352, "Name":"int_fueltank_size7_class3", "BuyPrice":1562753 }, 
{ "id":128064351, "Name":"int_fueltank_size6_class3", "BuyPrice":299735 }, 
{ "id":128064350, "Name":"int_fueltank_size5_class3", "BuyPrice":85780 }, 
{ "id":128064349, "Name":"int_fueltank_size4_class3", "BuyPrice":21705 }, 
{ "id":128064348, "Name":"int_fueltank_size3_class3", "BuyPrice":6199 }, 
{ "id":128064347, "Name":"int_fueltank_size2_class3", "BuyPrice":3291 }, 
{ "id":128064346, "Name":"int_fueltank_size1_class3", "BuyPrice":878 }, 
{ "id":128671232, "Name":"int_dronecontrol_collection_size1_class4", "BuyPrice":4212 }, 
{ "id":128841594, "Name":"int_dronecontrol_recon_size7_class1", "BuyPrice":537206 }, 
{ "id":128671244, "Name":"int_dronecontrol_collection_size7_class1", "BuyPrice":383819 }, 
{ "id":128671240, "Name":"int_dronecontrol_collection_size5_class2", "BuyPrice":85293 }, 
{ "id":128841593, "Name":"int_dronecontrol_recon_size5_class1", "BuyPrice":66515 }, 
{ "id":128671236, "Name":"int_dronecontrol_collection_size3_class3", "BuyPrice":18954 }, 
{ "id":128671231, "Name":"int_dronecontrol_collection_size1_class3", "BuyPrice":2106 }, 
{ "id":128837858, "Name":"int_dronecontrol_recon_size1_class1", "BuyPrice":2282 }, 
{ "id":128671239, "Name":"int_dronecontrol_collection_size5_class1", "BuyPrice":42647 }, 
{ "id":128671235, "Name":"int_dronecontrol_collection_size3_class2", "BuyPrice":9477 }, 
{ "id":128841592, "Name":"int_dronecontrol_recon_size3_class1", "BuyPrice":7196 }, 
{ "id":128671230, "Name":"int_dronecontrol_collection_size1_class2", "BuyPrice":1053 }, 
{ "id":128671234, "Name":"int_dronecontrol_collection_size3_class1", "BuyPrice":4739 }, 
{ "id":128671229, "Name":"int_dronecontrol_collection_size1_class1", "BuyPrice":527 }, 
{ "id":128666723, "Name":"int_fsdinterdictor_size4_class5", "BuyPrice":18723520 }, 
{ "id":128666719, "Name":"int_fsdinterdictor_size4_class4", "BuyPrice":6241174 }, 
{ "id":128666715, "Name":"int_fsdinterdictor_size4_class3", "BuyPrice":2080392 }, 
{ "id":128666722, "Name":"int_fsdinterdictor_size3_class5", "BuyPrice":6686972 }, 
{ "id":128666718, "Name":"int_fsdinterdictor_size3_class4", "BuyPrice":2228991 }, 
{ "id":128666711, "Name":"int_fsdinterdictor_size4_class2", "BuyPrice":693464 }, 
{ "id":128666714, "Name":"int_fsdinterdictor_size3_class3", "BuyPrice":742997 }, 
{ "id":128666707, "Name":"int_fsdinterdictor_size4_class1", "BuyPrice":231155 }, 
{ "id":128666710, "Name":"int_fsdinterdictor_size3_class2", "BuyPrice":247666 }, 
{ "id":128666706, "Name":"int_fsdinterdictor_size3_class1", "BuyPrice":82556 }, 
{ "id":128064212, "Name":"int_powerdistributor_size7_class5", "BuyPrice":8539765 }, 
{ "id":128064217, "Name":"int_powerdistributor_size8_class5", "BuyPrice":23911341 }, 
{ "id":128064216, "Name":"int_powerdistributor_size8_class4", "BuyPrice":9564537 }, 
{ "id":128064211, "Name":"int_powerdistributor_size7_class4", "BuyPrice":3415906 }, 
{ "id":128064215, "Name":"int_powerdistributor_size8_class3", "BuyPrice":3825816 }, 
{ "id":128064210, "Name":"int_powerdistributor_size7_class3", "BuyPrice":1366364 }, 
{ "id":128064214, "Name":"int_powerdistributor_size8_class2", "BuyPrice":1530326 }, 
{ "id":128064209, "Name":"int_powerdistributor_size7_class2", "BuyPrice":546546 }, 
{ "id":128064213, "Name":"int_powerdistributor_size8_class1", "BuyPrice":612131 }, 
{ "id":128064208, "Name":"int_powerdistributor_size7_class1", "BuyPrice":218619 }, 
{ "id":128064332, "Name":"int_shieldcellbank_size7_class5", "BuyPrice":8539765 }, 
{ "id":128064337, "Name":"int_shieldcellbank_size8_class5", "BuyPrice":23911341 }, 
{ "id":128064336, "Name":"int_shieldcellbank_size8_class4", "BuyPrice":9564537 }, 
{ "id":128064331, "Name":"int_shieldcellbank_size7_class4", "BuyPrice":3415906 }, 
{ "id":128064335, "Name":"int_shieldcellbank_size8_class3", "BuyPrice":3825816 }, 
{ "id":128064330, "Name":"int_shieldcellbank_size7_class3", "BuyPrice":1366364 }, 
{ "id":128064334, "Name":"int_shieldcellbank_size8_class2", "BuyPrice":1530326 }, 
{ "id":128064329, "Name":"int_shieldcellbank_size7_class2", "BuyPrice":546546 }, 
{ "id":128064333, "Name":"int_shieldcellbank_size8_class1", "BuyPrice":612131 }, 
{ "id":128064328, "Name":"int_shieldcellbank_size7_class1", "BuyPrice":218619 }, 
{ "id":128671248, "Name":"int_dronecontrol_collection_size7_class5", "BuyPrice":6141096 }, 
{ "id":128671243, "Name":"int_dronecontrol_collection_size5_class5", "BuyPrice":682344 }, 
{ "id":128671238, "Name":"int_dronecontrol_collection_size3_class5", "BuyPrice":75816 }, 
{ "id":128671233, "Name":"int_dronecontrol_collection_size1_class5", "BuyPrice":8424 }, 
{ "id":128671247, "Name":"int_dronecontrol_collection_size7_class4", "BuyPrice":3070548 }, 
{ "id":128671242, "Name":"int_dronecontrol_collection_size5_class4", "BuyPrice":341172 }, 
{ "id":128671246, "Name":"int_dronecontrol_collection_size7_class3", "BuyPrice":1535274 }, 
{ "id":128671237, "Name":"int_dronecontrol_collection_size3_class4", "BuyPrice":37908 }, 
{ "id":128671245, "Name":"int_dronecontrol_collection_size7_class2", "BuyPrice":767637 }, 
{ "id":128671241, "Name":"int_dronecontrol_collection_size5_class3", "BuyPrice":170586 }, 
{ "id":128064172, "Name":"int_lifesupport_size7_class5", "BuyPrice":8539765 }, 
{ "id":128064177, "Name":"int_lifesupport_size8_class5", "BuyPrice":23911341 }, 
{ "id":128064176, "Name":"int_lifesupport_size8_class4", "BuyPrice":9564537 }, 
{ "id":128064171, "Name":"int_lifesupport_size7_class4", "BuyPrice":3415906 }, 
{ "id":128064175, "Name":"int_lifesupport_size8_class3", "BuyPrice":3825816 }, 
{ "id":128064170, "Name":"int_lifesupport_size7_class3", "BuyPrice":1366364 }, 
{ "id":128064174, "Name":"int_lifesupport_size8_class2", "BuyPrice":1530326 }, 
{ "id":128064169, "Name":"int_lifesupport_size7_class2", "BuyPrice":546546 }, 
{ "id":128064173, "Name":"int_lifesupport_size8_class1", "BuyPrice":612131 }, 
{ "id":128064168, "Name":"int_lifesupport_size7_class1", "BuyPrice":218619 }, 
{ "id":128064292, "Name":"int_shieldgenerator_size7_class5", "BuyPrice":45006196 }, 
{ "id":128064297, "Name":"int_shieldgenerator_size8_class5", "BuyPrice":142669643 }, 
{ "id":128064296, "Name":"int_shieldgenerator_size8_class4", "BuyPrice":47556548 }, 
{ "id":128064291, "Name":"int_shieldgenerator_size7_class4", "BuyPrice":15002066 }, 
{ "id":128064295, "Name":"int_shieldgenerator_size8_class3", "BuyPrice":15852183 }, 
{ "id":128671338, "Name":"int_shieldgenerator_size8_class3_fast", "BuyPrice":23778275 }, 
{ "id":128671337, "Name":"int_shieldgenerator_size7_class3_fast", "BuyPrice":7501033 }, 
{ "id":128064290, "Name":"int_shieldgenerator_size7_class3", "BuyPrice":5000689 }, 
{ "id":128064294, "Name":"int_shieldgenerator_size8_class2", "BuyPrice":5284062 }, 
{ "id":128064289, "Name":"int_shieldgenerator_size7_class2", "BuyPrice":1666898 }, 
{ "id":128064293, "Name":"int_shieldgenerator_size8_class1", "BuyPrice":1761355 }, 
{ "id":128064288, "Name":"int_shieldgenerator_size7_class1", "BuyPrice":555633 }, 
{ "id":128064097, "Name":"int_engine_size7_class5", "BuyPrice":45006196 }, 
{ "id":128064102, "Name":"int_engine_size8_class5", "BuyPrice":142669643 }, 
{ "id":128064101, "Name":"int_engine_size8_class4", "BuyPrice":47556548 }, 
{ "id":128064096, "Name":"int_engine_size7_class4", "BuyPrice":15002066 }, 
{ "id":128064100, "Name":"int_engine_size8_class3", "BuyPrice":15852183 }, 
{ "id":128064095, "Name":"int_engine_size7_class3", "BuyPrice":5000689 }, 
{ "id":128064099, "Name":"int_engine_size8_class2", "BuyPrice":5284062 }, 
{ "id":128064094, "Name":"int_engine_size7_class2", "BuyPrice":1666898 }, 
{ "id":128064098, "Name":"int_engine_size8_class1", "BuyPrice":1761355 }, 
{ "id":128064093, "Name":"int_engine_size7_class1", "BuyPrice":555633 }, 
{ "id":128066541, "Name":"int_dronecontrol_resourcesiphon_size3_class5", "BuyPrice":75816 }, 
{ "id":128066536, "Name":"int_dronecontrol_resourcesiphon_size1_class5", "BuyPrice":8424 }, 
{ "id":128066540, "Name":"int_dronecontrol_resourcesiphon_size3_class4", "BuyPrice":37908 }, 
{ "id":128066535, "Name":"int_dronecontrol_resourcesiphon_size1_class4", "BuyPrice":4212 }, 
{ "id":128066539, "Name":"int_dronecontrol_resourcesiphon_size3_class3", "BuyPrice":18954 }, 
{ "id":128066534, "Name":"int_dronecontrol_resourcesiphon_size1_class3", "BuyPrice":2106 }, 
{ "id":128066538, "Name":"int_dronecontrol_resourcesiphon_size3_class2", "BuyPrice":9477 }, 
{ "id":128066533, "Name":"int_dronecontrol_resourcesiphon_size1_class2", "BuyPrice":1053 }, 
{ "id":128066537, "Name":"int_dronecontrol_resourcesiphon_size3_class1", "BuyPrice":4739 }, 
{ "id":128064345, "Name":"int_cargorack_size8_class1", "BuyPrice":3360708 }, 
{ "id":128064344, "Name":"int_cargorack_size7_class1", "BuyPrice":1034064 }, 
{ "id":128064343, "Name":"int_cargorack_size6_class1", "BuyPrice":318174 }, 
{ "id":128064342, "Name":"int_cargorack_size5_class1", "BuyPrice":97900 }, 
{ "id":128064341, "Name":"int_cargorack_size4_class1", "BuyPrice":30124 }, 
{ "id":128064340, "Name":"int_cargorack_size3_class1", "BuyPrice":9270 }, 
{ "id":128064339, "Name":"int_cargorack_size2_class1", "BuyPrice":2852 }, 
{ "id":128064247, "Name":"int_sensors_size6_class5", "BuyPrice":3049917 }, 
{ "id":128064242, "Name":"int_sensors_size5_class5", "BuyPrice":1089257 }, 
{ "id":128064237, "Name":"int_sensors_size4_class5", "BuyPrice":389022 }, 
{ "id":128064246, "Name":"int_sensors_size6_class4", "BuyPrice":1219967 }, 
{ "id":128064241, "Name":"int_sensors_size5_class4", "BuyPrice":435704 }, 
{ "id":128064236, "Name":"int_sensors_size4_class4", "BuyPrice":155609 }, 
{ "id":128064245, "Name":"int_sensors_size6_class3", "BuyPrice":487987 }, 
{ "id":128064240, "Name":"int_sensors_size5_class3", "BuyPrice":174282 }, 
{ "id":128064244, "Name":"int_sensors_size6_class2", "BuyPrice":195195 }, 
{ "id":128064235, "Name":"int_sensors_size4_class3", "BuyPrice":62244 }, 
{ "id":128064239, "Name":"int_sensors_size5_class2", "BuyPrice":69713 }, 
{ "id":128064243, "Name":"int_sensors_size6_class1", "BuyPrice":78079 }, 
{ "id":128064234, "Name":"int_sensors_size4_class2", "BuyPrice":24898 }, 
{ "id":128064238, "Name":"int_sensors_size5_class1", "BuyPrice":27886 }, 
{ "id":128064233, "Name":"int_sensors_size4_class1", "BuyPrice":9960 }, 
{ "id":128064152, "Name":"int_lifesupport_size3_class5", "BuyPrice":138936 }, 
{ "id":128064142, "Name":"int_lifesupport_size1_class5", "BuyPrice":17722 }, 
{ "id":128064147, "Name":"int_lifesupport_size2_class5", "BuyPrice":49621 }, 
{ "id":128064151, "Name":"int_lifesupport_size3_class4", "BuyPrice":55575 }, 
{ "id":128064141, "Name":"int_lifesupport_size1_class4", "BuyPrice":7090 }, 
{ "id":128064146, "Name":"int_lifesupport_size2_class4", "BuyPrice":19850 }, 
{ "id":128064150, "Name":"int_lifesupport_size3_class3", "BuyPrice":22230 }, 
{ "id":128064140, "Name":"int_lifesupport_size1_class3", "BuyPrice":2836 }, 
{ "id":128064145, "Name":"int_lifesupport_size2_class3", "BuyPrice":7941 }, 
{ "id":128064149, "Name":"int_lifesupport_size3_class2", "BuyPrice":8892 }, 
{ "id":128064139, "Name":"int_lifesupport_size1_class2", "BuyPrice":1135 }, 
{ "id":128064144, "Name":"int_lifesupport_size2_class2", "BuyPrice":3177 }, 
{ "id":128064148, "Name":"int_lifesupport_size3_class1", "BuyPrice":3557 }, 
{ "id":128064138, "Name":"int_lifesupport_size1_class1", "BuyPrice":455 }, 
{ "id":128064143, "Name":"int_lifesupport_size2_class1", "BuyPrice":1272 }, 
{ "id":128833954, "Name":"int_guardianhullreinforcement_size5_class2", "BuyPrice":873402 }, 
{ "id":128833952, "Name":"int_guardianhullreinforcement_size4_class2", "BuyPrice":363917 }, 
{ "id":128833950, "Name":"int_guardianhullreinforcement_size3_class2", "BuyPrice":151632 }, 
{ "id":128833948, "Name":"int_guardianhullreinforcement_size2_class2", "BuyPrice":63180 }, 
{ "id":128833953, "Name":"int_guardianhullreinforcement_size5_class1", "BuyPrice":291135 }, 
{ "id":128833946, "Name":"int_guardianhullreinforcement_size1_class2", "BuyPrice":26325 }, 
{ "id":128833951, "Name":"int_guardianhullreinforcement_size4_class1", "BuyPrice":121306 }, 
{ "id":128808878, "Name":"hpt_xenoscannermk2_basic_tiny", "BuyPrice":654571 }, 
{ "id":128833949, "Name":"int_guardianhullreinforcement_size3_class1", "BuyPrice":50544 }, 
{ "id":128833947, "Name":"int_guardianhullreinforcement_size2_class1", "BuyPrice":21060 }, 
{ "id":128833945, "Name":"int_guardianhullreinforcement_size1_class1", "BuyPrice":8775 }, 
{ "id":128833964, "Name":"int_guardianmodulereinforcement_size5_class2", "BuyPrice":873402 }, 
{ "id":128833962, "Name":"int_guardianmodulereinforcement_size4_class2", "BuyPrice":363917 }, 
{ "id":128833960, "Name":"int_guardianmodulereinforcement_size3_class2", "BuyPrice":151632 }, 
{ "id":128833958, "Name":"int_guardianmodulereinforcement_size2_class2", "BuyPrice":63180 }, 
{ "id":128833963, "Name":"int_guardianmodulereinforcement_size5_class1", "BuyPrice":291135 }, 
{ "id":128833956, "Name":"int_guardianmodulereinforcement_size1_class2", "BuyPrice":26325 }, 
{ "id":128833961, "Name":"int_guardianmodulereinforcement_size4_class1", "BuyPrice":121306 }, 
{ "id":128833959, "Name":"int_guardianmodulereinforcement_size3_class1", "BuyPrice":50544 }, 
{ "id":128833957, "Name":"int_guardianmodulereinforcement_size2_class1", "BuyPrice":21060 }, 
{ "id":128833955, "Name":"int_guardianmodulereinforcement_size1_class1", "BuyPrice":8775 }, 
{ "id":129001929, "Name":"int_multidronecontrol_universal_size7_class3", "BuyPrice":3510000 }, 
{ "id":129001930, "Name":"int_multidronecontrol_universal_size7_class5", "BuyPrice":7020000 }, 
{ "id":128833974, "Name":"int_guardianshieldreinforcement_size5_class2", "BuyPrice":873402 }, 
{ "id":128833972, "Name":"int_guardianshieldreinforcement_size4_class2", "BuyPrice":363917 }, 
{ "id":128833970, "Name":"int_guardianshieldreinforcement_size3_class2", "BuyPrice":151632 }, 
{ "id":128833968, "Name":"int_guardianshieldreinforcement_size2_class2", "BuyPrice":63180 }, 
{ "id":128833973, "Name":"int_guardianshieldreinforcement_size5_class1", "BuyPrice":291135 }, 
{ "id":128833966, "Name":"int_guardianshieldreinforcement_size1_class2", "BuyPrice":26325 }, 
{ "id":128833971, "Name":"int_guardianshieldreinforcement_size4_class1", "BuyPrice":121306 }, 
{ "id":128833969, "Name":"int_guardianshieldreinforcement_size3_class1", "BuyPrice":50544 }, 
{ "id":128833967, "Name":"int_guardianshieldreinforcement_size2_class1", "BuyPrice":21060 }, 
{ "id":128833965, "Name":"int_guardianshieldreinforcement_size1_class1", "BuyPrice":8775 }, 
{ "id":128833979, "Name":"int_guardianfsdbooster_size5", "BuyPrice":5688921 }, 
{ "id":128833978, "Name":"int_guardianfsdbooster_size4", "BuyPrice":2847499 }, 
{ "id":128833977, "Name":"int_guardianfsdbooster_size3", "BuyPrice":1421928 }, 
{ "id":128833976, "Name":"int_guardianfsdbooster_size2", "BuyPrice":711232 }, 
{ "id":128833975, "Name":"int_guardianfsdbooster_size1", "BuyPrice":355407 }, 
{ "id":128793944, "Name":"int_dronecontrol_decontamination_size7_class1", "BuyPrice":1151456 }, 
{ "id":128793943, "Name":"int_dronecontrol_decontamination_size5_class1", "BuyPrice":127940 }, 
{ "id":128793942, "Name":"int_dronecontrol_decontamination_size3_class1", "BuyPrice":14216 }, 
{ "id":128793115, "Name":"hpt_xenoscanner_basic_tiny", "BuyPrice":320901 }, 
{ "id":128793941, "Name":"int_dronecontrol_decontamination_size1_class1", "BuyPrice":3159 }, 
{ "id":129022952, "Name":"hpt_xenoscanner_advanced_tiny", "BuyPrice":745875 }, 
{ "id":129019260, "Name":"int_expmodulestabiliser_size3_class3", "BuyPrice":1755000 }, 
{ "id":129019261, "Name":"int_expmodulestabiliser_size5_class3", "BuyPrice":3510000 }
 ] }
