{ "timestamp":"2025-04-02T10:07:06Z", "event":"ShipLocker", "Items":[ 
{ "Name":"geneticsample", "Name_Localised":"Biological Sample", "OwnerID":0, "Count":6 }, 
{ "Name":"gmeds", "Name_Localised":"G-Meds", "OwnerID":0, "Count":5 }, 
{ "Name":"healthmonitor", "Name_Localised":"Health Monitor", "OwnerID":0, "Count":11 }, 
{ "Name":"insight", "OwnerID":0, "Count":1 }, 
{ "Name":"ionisedgas", "Name_Localised":"Ionised Gas", "OwnerID":0, "Count":2 }, 
{ "Name":"personalcomputer", "Name_Localised":"Personal Computer", "OwnerID":0, "Count":1 }, 
{ "Name":"infinity", "OwnerID":0, "Count":2 }, 
{ "Name":"insightentertainmentsuite", "Name_Localised":"Insight Entertainment Suite", "OwnerID":0, "Count":9 }, 
{ "Name":"lazarus", "OwnerID":0, "Count":8 }, 
{ "Name":"nutritionalconcentrate", "Name_Localised":"Nutritional Concentrate", "OwnerID":0, "Count":1 }, 
{ "Name":"suitschematic", "Name_Localised":"Suit Schematic", "OwnerID":0, "Count":13 }, 
{ "Name":"weaponschematic", "Name_Localised":"Weapon Schematic", "OwnerID":0, "Count":10 }, 
{ "Name":"compressionliquefiedgas", "Name_Localised":"Compression-Liquefied Gas", "OwnerID":0, "Count":3 }, 
{ "Name":"degradedpowerregulator", "Name_Localised":"Degraded Power Regulator", "OwnerID":0, "Count":2 }, 
{ "Name":"largecapacitypowerregulator", "Name_Localised":"Power Regulator", "OwnerID":0, "Count":1 }
 ], "Components":[ 
{ "Name":"graphene", "OwnerID":0, "Count":44 }, 
{ "Name":"aerogel", "OwnerID":0, "Count":8 }, 
{ "Name":"carbonfibreplating", "Name_Localised":"Carbon Fibre Plating", "OwnerID":0, "Count":12 }, 
{ "Name":"chemicalcatalyst", "Name_Localised":"Chemical Catalyst", "OwnerID":0, "Count":19 }, 
{ "Name":"chemicalsuperbase", "Name_Localised":"Chemical Superbase", "OwnerID":0, "Count":31 }, 
{ "Name":"circuitboard", "Name_Localised":"Circuit Board", "OwnerID":0, "Count":23 }, 
{ "Name":"circuitswitch", "Name_Localised":"Circuit Switch", "OwnerID":0, "Count":68 }, 
{ "Name":"electricalfuse", "Name_Localised":"Electrical Fuse", "OwnerID":0, "Count":9 }, 
{ "Name":"electricalwiring", "Name_Localised":"Electrical Wiring", "OwnerID":0, "Count":23 }, 
{ "Name":"encryptedmemorychip", "Name_Localised":"Encrypted Memory Chip", "OwnerID":0, "Count":44 }, 
{ "Name":"epoxyadhesive", "Name_Localised":"Epoxy Adhesive", "OwnerID":0, "Count":59 }, 
{ "Name":"memorychip", "Name_Localised":"Memory Chip", "OwnerID":0, "Count":70 }, 
{ "Name":"metalcoil", "Name_Localised":"Metal Coil", "OwnerID":0, "Count":35 }, 
{ "Name":"microhydraulics", "Name_Localised":"Micro Hydraulics", "OwnerID":0, "Count":21 }, 
{ "Name":"microsupercapacitor", "Name_Localised":"Micro Supercapacitor", "OwnerID":0, "Count":32 }, 
{ "Name":"microthrusters", "Name_Localised":"Micro Thrusters", "OwnerID":0, "Count":6 }, 
{ "Name":"microtransformer", "Name_Localised":"Micro Transformer", "OwnerID":0, "Count":35 }, 
{ "Name":"motor", "OwnerID":0, "Count":11 }, 
{ "Name":"opticalfibre", "Name_Localised":"Optical Fibre", "OwnerID":0, "Count":33 }, 
{ "Name":"opticallens", "Name_Localised":"Optical Lens", "OwnerID":0, "Count":42 }, 
{ "Name":"scrambler", "OwnerID":0, "Count":16 }, 
{ "Name":"titaniumplating", "Name_Localised":"Titanium Plating", "OwnerID":0, "Count":16 }, 
{ "Name":"transmitter", "OwnerID":0, "Count":9 }, 
{ "Name":"tungstencarbide", "Name_Localised":"Tungsten Carbide", "OwnerID":0, "Count":15 }, 
{ "Name":"viscoelasticpolymer", "Name_Localised":"Viscoelastic Polymer", "OwnerID":0, "Count":16 }, 
{ "Name":"rdx", "OwnerID":0, "Count":17 }, 
{ "Name":"electromagnet", "OwnerID":0, "Count":28 }, 
{ "Name":"oxygenicbacteria", "Name_Localised":"Oxygenic Bacteria", "OwnerID":0, "Count":26 }, 
{ "Name":"epinephrine", "OwnerID":0, "Count":20 }, 
{ "Name":"phneutraliser", "Name_Localised":"pH Neutraliser", "OwnerID":0, "Count":23 }, 
{ "Name":"microelectrode", "OwnerID":0, "Count":21 }, 
{ "Name":"ionbattery", "Name_Localised":"Ion Battery", "OwnerID":0, "Count":58 }, 
{ "Name":"weaponcomponent", "Name_Localised":"Weapon Component", "OwnerID":0, "Count":16 }
 ], "Consumables":[ 
{ "Name":"healthpack", "Name_Localised":"Medkit", "OwnerID":0, "Count":100 }, 
{ "Name":"energycell", "Name_Localised":"Energy Cell", "OwnerID":0, "Count":100 }, 
{ "Name":"amm_grenade_emp", "Name_Localised":"Shield Disruptor", "OwnerID":0, "Count":100 }, 
{ "Name":"amm_grenade_frag", "Name_Localised":"Frag Grenade", "OwnerID":0, "Count":100 }, 
{ "Name":"amm_grenade_shield", "Name_Localised":"Shield Projector", "OwnerID":0, "Count":100 }, 
{ "Name":"bypass", "Name_Localised":"E-Breach", "OwnerID":0, "Count":100 }
 ], "Data":[ 
{ "Name":"biometricdata", "Name_Localised":"Biometric Data", "OwnerID":0, "Count":7 }, 
{ "Name":"nocdata", "Name_Localised":"NOC Data", "OwnerID":0, "Count":2 }, 
{ "Name":"airqualityreports", "Name_Localised":"Air Quality Reports", "OwnerID":0, "Count":1 }, 
{ "Name":"atmosphericdata", "Name_Localised":"Atmospheric Data", "OwnerID":0, "Count":1 }, 
{ "Name":"bloodtestresults", "Name_Localised":"Blood Test Results", "OwnerID":0, "Count":2 }, 
{ "Name":"catmedia", "Name_Localised":"Cat Media", "OwnerID":0, "Count":2 }, 
{ "Name":"chemicalpatents", "Name_Localised":"Chemical Patents", "OwnerID":0, "Count":10 }, 
{ "Name":"classicentertainment", "Name_Localised":"Classic Entertainment", "OwnerID":0, "Count":1 }, 
{ "Name":"cocktailrecipes", "Name_Localised":"Cocktail Recipes", "OwnerID":0, "Count":1 }, 
{ "Name":"combattrainingmaterial", "Name_Localised":"Combat Training Material", "OwnerID":0, "Count":4 }, 
{ "Name":"culinaryrecipes", "Name_Localised":"Culinary Recipes", "OwnerID":0, "Count":3 }, 
{ "Name":"digitaldesigns", "Name_Localised":"Digital Designs", "OwnerID":0, "Count":4 }, 
{ "Name":"employeegeneticdata", "Name_Localised":"Employee Genetic Data", "OwnerID":0, "Count":8 }, 
{ "Name":"evacuationprotocols", "Name_Localised":"Evacuation Protocols", "OwnerID":0, "Count":16 }, 
{ "Name":"factionassociates", "Name_Localised":"Faction Associates", "OwnerID":0, "Count":9 }, 
{ "Name":"financialprojections", "Name_Localised":"Financial Projections", "OwnerID":0, "Count":6 }, 
{ "Name":"genesequencingdata", "Name_Localised":"Gene Sequencing Data", "OwnerID":0, "Count":1 }, 
{ "Name":"geneticresearch", "Name_Localised":"Genetic Research", "OwnerID":0, "Count":7 }, 
{ "Name":"maintenancelogs", "Name_Localised":"Maintenance Logs", "OwnerID":0, "Count":21 }, 
{ "Name":"medicaltrialrecords", "Name_Localised":"Clinical Trial Records", "OwnerID":0, "Count":1 }, 
{ "Name":"multimediaentertainment", "Name_Localised":"Multimedia Entertainment", "OwnerID":0, "Count":1 }, 
{ "Name":"opinionpolls", "Name_Localised":"Opinion Polls", "OwnerID":0, "Count":7 }, 
{ "Name":"radioactivitydata", "Name_Localised":"Radioactivity Data", "OwnerID":0, "Count":2 }, 
{ "Name":"reactoroutputreview", "Name_Localised":"Reactor Output Review", "OwnerID":0, "Count":1 }, 
{ "Name":"spectralanalysisdata", "Name_Localised":"Spectral Analysis Data", "OwnerID":0, "Count":3 }, 
{ "Name":"tacticalplans", "Name_Localised":"Tactical Plans", "OwnerID":0, "Count":1 }, 
{ "Name":"weaponinventory", "Name_Localised":"Weapon Inventory", "OwnerID":0, "Count":13 }, 
{ "Name":"pharmaceuticalpatents", "Name_Localised":"Pharmaceutical Patents", "OwnerID":0, "Count":2 }, 
{ "Name":"powerspyware", "Name_Localised":"Power Tracker Malware", "OwnerID":0, "Count":10 }, 
{ "Name":"powerfinancialrecords", "Name_Localised":"Power Industrial Data", "OwnerID":0, "Count":1 }, 
{ "Name":"powerpreparationspyware", "Name_Localised":"Power Injection Malware", "OwnerID":0, "Count":10 }
 ] }
