{"shipConfigurations":[{"uuid":"db34f8fe-8bf9-4910-8af4-4b9bcea9b2b6","name":"Disco Brick","shipType":"TYPE_9_MILITARY","cargoHatch":{"index":0,"id":"CARGO_HATCH","oldModule":{"id":"CARGO_HATCH","legacy":false,"powered":true,"powerGroup":3}},"hardpointSlots":[{"index":0,"id":"BURST_LASER_3_D_T","modification":[{"type":"LONG_RANGE_WEAPON","grade":"GRADE_5","percentComplete":1.000000}],"experimentalEffect":[{"type":"OVERSIZED"}],"oldModule":{"id":"BURST_LASER_3_D_T","legacy":false,"powered":true,"powerGroup":1,"modification":[{"type":"LONG_RANGE_WEAPON","grade":"GRADE_5","percentComplete":1.000000}],"experimentalEffect":[{"type":"OVERSIZED"}]}},{"index":1,"id":"BURST_LASER_3_D_T","modification":[{"type":"LONG_RANGE_WEAPON","grade":"GRADE_5","percentComplete":1.000000}],"experimentalEffect":[{"type":"OVERSIZED"}],"oldModule":{"id":"BURST_LASER_3_D_T","legacy":false,"powered":true,"powerGroup":1,"modification":[{"type":"LONG_RANGE_WEAPON","grade":"GRADE_5","percentComplete":1.000000}],"experimentalEffect":[{"type":"OVERSIZED"}]}},{"index":2,"id":"PULSE_LASER_2_F_T","modification":[{"type":"LONG_RANGE_WEAPON","grade":"GRADE_5","percentComplete":1.000000}],"experimentalEffect":[{"type":"OVERSIZED"}],"oldModule":{"id":"PULSE_LASER_2_F_T","legacy":false,"powered":true,"powerGroup":1,"modification":[{"type":"LONG_RANGE_WEAPON","grade":"GRADE_5","percentComplete":1.000000}],"experimentalEffect":[{"type":"OVERSIZED"}]}},{"index":3,"id":"PULSE_LASER_2_F_T","modification":[{"type":"LONG_RANGE_WEAPON","grade":"GRADE_5","percentComplete":1.000000}],"experimentalEffect":[{"type":"OVERSIZED"}],"oldModule":{"id":"PULSE_LASER_2_F_T","legacy":false,"powered":true,"powerGroup":1,"modification":[{"type":"LONG_RANGE_WEAPON","grade":"GRADE_5","percentComplete":1.000000}],"experimentalEffect":[{"type":"OVERSIZED"}]}},{"index":4,"id":"BURST_LASER_2_E_T","buyPrice":1930,"modification":[{"type":"LONG_RANGE_WEAPON","grade":"GRADE_5","percentComplete":1.000000}],"experimentalEffect":[{"type":"OVERSIZED"}],"oldModule":{"id":"BURST_LASER_2_E_T","legacy":false,"powered":true,"powerGroup":1,"buyPrice":1930,"modification":[{"type":"LONG_RANGE_WEAPON","grade":"GRADE_5","percentComplete":1.000000}],"experimentalEffect":[{"type":"OVERSIZED"}]}},{"index":5,"id":"PULSE_LASER_2_F_T","buyPrice":1930,"modification":[{"type":"LONG_RANGE_WEAPON","grade":"GRADE_5","percentComplete":1.000000}],"experimentalEffect":[{"type":"OVERSIZED"}],"oldModule":{"id":"PULSE_LASER_2_F_T","legacy":false,"powered":true,"powerGroup":1,"buyPrice":1930,"modification":[{"type":"LONG_RANGE_WEAPON","grade":"GRADE_5","percentComplete":1.000000}],"experimentalEffect":[{"type":"OVERSIZED"}]}},{"index":6,"id":"PULSE_LASER_2_F_T","modification":[{"type":"LONG_RANGE_WEAPON","grade":"GRADE_5","percentComplete":1.000000}],"experimentalEffect":[{"type":"OVERSIZED"}],"oldModule":{"id":"PULSE_LASER_2_F_T","legacy":false,"powered":true,"powerGroup":1,"modification":[{"type":"LONG_RANGE_WEAPON","grade":"GRADE_5","percentComplete":1.000000}],"experimentalEffect":[{"type":"OVERSIZED"}]}},{"index":7,"id":"PULSE_LASER_1_G_T","modification":[{"type":"LONG_RANGE_WEAPON","grade":"GRADE_5","percentComplete":1.000000}],"experimentalEffect":[{"type":"OVERSIZED"}],"oldModule":{"id":"PULSE_LASER_1_G_T","legacy":false,"powered":true,"powerGroup":1,"modification":[{"type":"LONG_RANGE_WEAPON","grade":"GRADE_5","percentComplete":1.000000}],"experimentalEffect":[{"type":"OVERSIZED"}]}},{"index":8,"id":"PULSE_LASER_1_G_T","modification":[{"type":"LONG_RANGE_WEAPON","grade":"GRADE_5","percentComplete":1.000000}],"experimentalEffect":[{"type":"OVERSIZED"}],"oldModule":{"id":"PULSE_LASER_1_G_T","legacy":false,"powered":true,"powerGroup":1,"modification":[{"type":"LONG_RANGE_WEAPON","grade":"GRADE_5","percentComplete":1.000000}],"experimentalEffect":[{"type":"OVERSIZED"}]}}],"utilitySlots":[{"index":0,"id":"SHIELD_BOOSTER_0_A","powerGroup":2,"modification":[{"type":"HEAVY_DUTY","grade":"GRADE_5","percentComplete":1.000000}],"experimentalEffect":[{"type":"SUPER_CAPACITOR"}],"oldModule":{"id":"SHIELD_BOOSTER_0_A","legacy":false,"powered":true,"powerGroup":1,"modification":[{"type":"HEAVY_DUTY","grade":"GRADE_5","percentComplete":1.000000}],"experimentalEffect":[{"type":"SUPER_CAPACITOR"}]}},{"index":1,"id":"SHIELD_BOOSTER_0_A","powerGroup":2,"modification":[{"type":"HEAVY_DUTY","grade":"GRADE_5","percentComplete":1.000000}],"experimentalEffect":[{"type":"SUPER_CAPACITOR"}],"oldModule":{"id":"SHIELD_BOOSTER_0_A","legacy":false,"powered":true,"powerGroup":1,"modification":[{"type":"HEAVY_DUTY","grade":"GRADE_5","percentComplete":1.000000}],"experimentalEffect":[{"type":"SUPER_CAPACITOR"}]}},{"index":2,"id":"POINT_DEFENCE_0_I","powerGroup":1,"modification":[{"type":"AMMO_CAPACITY","grade":"GRADE_1","percentComplete":1.000000}],"oldModule":{"id":"POINT_DEFENCE_0_I","legacy":false,"powered":true,"powerGroup":1,"modification":[{"type":"AMMO_CAPACITY","grade":"GRADE_1","percentComplete":1.000000}]}},{"index":3,"id":"POINT_DEFENCE_0_I","powerGroup":1,"modification":[{"type":"AMMO_CAPACITY","grade":"GRADE_1","percentComplete":1.000000}],"oldModule":{"id":"POINT_DEFENCE_0_I","legacy":false,"powered":true,"powerGroup":1,"modification":[{"type":"AMMO_CAPACITY","grade":"GRADE_1","percentComplete":1.000000}]}},{"index":4,"id":"SHIELD_BOOSTER_0_A","powerGroup":2,"modification":[{"type":"RESISTANCE_AUGMENTED","grade":"GRADE_5","percentComplete":1.000000}],"experimentalEffect":[{"type":"SUPER_CAPACITOR"}],"oldModule":{"id":"SHIELD_BOOSTER_0_A","legacy":false,"powered":true,"powerGroup":1,"modification":[{"type":"RESISTANCE_AUGMENTED","grade":"GRADE_5","percentComplete":1.000000}],"experimentalEffect":[{"type":"SUPER_CAPACITOR"}]}},{"index":5,"id":"SHIELD_BOOSTER_0_A","powerGroup":2,"modification":[{"type":"RESISTANCE_AUGMENTED","grade":"GRADE_5","percentComplete":1.000000}],"experimentalEffect":[{"type":"SUPER_CAPACITOR"}],"oldModule":{"id":"SHIELD_BOOSTER_0_A","legacy":false,"powered":true,"powerGroup":2,"modification":[{"type":"RESISTANCE_AUGMENTED","grade":"GRADE_5","percentComplete":1.000000}],"experimentalEffect":[{"type":"SUPER_CAPACITOR"}]}},{"index":6,"id":"SHIELD_BOOSTER_0_A","powerGroup":2,"modification":[{"type":"RESISTANCE_AUGMENTED","grade":"GRADE_5","percentComplete":1.000000}],"experimentalEffect":[{"type":"SUPER_CAPACITOR"}],"oldModule":{"id":"SHIELD_BOOSTER_0_A","legacy":false,"powered":true,"powerGroup":1,"modification":[{"type":"RESISTANCE_AUGMENTED","grade":"GRADE_5","percentComplete":1.000000}],"experimentalEffect":[{"type":"SUPER_CAPACITOR"}]}},{"index":7,"id":"SHIELD_BOOSTER_0_A","powerGroup":2,"modification":[{"type":"RESISTANCE_AUGMENTED","grade":"GRADE_5","percentComplete":1.000000}],"experimentalEffect":[{"type":"SUPER_CAPACITOR"}],"oldModule":{"id":"SHIELD_BOOSTER_0_A","legacy":false,"powered":true,"powerGroup":1,"modification":[{"type":"RESISTANCE_AUGMENTED","grade":"GRADE_5","percentComplete":1.000000}],"experimentalEffect":[{"type":"SUPER_CAPACITOR"}]}}],"coreSlots":[{"index":0,"id":"TYPE_9_MILITARY_ARMOUR_REACTIVE","powerGroup":2,"modification":[{"type":"HEAVY_DUTY","grade":"GRADE_5","percentComplete":1.000000}],"experimentalEffect":[{"type":"DEEP_PLATING"}],"oldModule":{"id":"TYPE_9_MILITARY_ARMOUR_REACTIVE","legacy":false,"powered":true,"powerGroup":2,"modification":[{"type":"HEAVY_DUTY","grade":"GRADE_5","percentComplete":1.000000}],"experimentalEffect":[{"type":"DEEP_PLATING"}]}},{"index":1,"id":"POWER_PLANT_8_A","powerGroup":2,"buyPrice":140520,"modification":[{"type":"ARMOURED","grade":"GRADE_5","percentComplete":1.000000}],"experimentalEffect":[{"type":"MONSTERED"}],"oldModule":{"id":"POWER_PLANT_8_A","legacy":false,"powered":true,"powerGroup":2,"buyPrice":140520,"modification":[{"type":"ARMOURED","grade":"GRADE_5","percentComplete":1.000000}],"experimentalEffect":[{"type":"MONSTERED"}]}},{"index":2,"id":"THRUSTERS_7_A","powerGroup":1,"buyPrice":555632,"modification":[{"type":"DIRTY_DRIVE_TUNING","grade":"GRADE_5","percentComplete":1.000000}],"experimentalEffect":[{"type":"DRAG_DRIVES"}],"oldModule":{"id":"THRUSTERS_7_A","legacy":false,"powered":true,"powerGroup":1,"buyPrice":555632,"modification":[{"type":"DIRTY_DRIVE_TUNING","grade":"GRADE_5","percentComplete":1.000000}],"experimentalEffect":[{"type":"DRAG_DRIVES"}]}},{"index":3,"id":"FRAME_SHIFT_DRIVE_OVERCHARGE_7_A","powerGroup":5,"buyPrice":175277,"modification":[{"type":"INCREASED_FSD_RANGE","grade":"GRADE_5","percentComplete":1.000000}],"experimentalEffect":[{"type":"MASS_MANAGER"}],"oldModule":{"id":"FRAME_SHIFT_DRIVE_OVERCHARGE_7_A","legacy":false,"powered":true,"powerGroup":1,"buyPrice":175277,"modification":[{"type":"INCREASED_FSD_RANGE","grade":"GRADE_5","percentComplete":1.000000}],"experimentalEffect":[{"type":"MASS_MANAGER"}]}},{"index":4,"id":"LIFE_SUPPORT_5_D","powerGroup":1,"buyPrice":27885,"modification":[{"type":"LIGHTWEIGHT","grade":"GRADE_5","percentComplete":1.000000}],"oldModule":{"id":"LIFE_SUPPORT_5_D","legacy":false,"powered":true,"powerGroup":1,"buyPrice":27885,"modification":[{"type":"LIGHTWEIGHT","grade":"GRADE_5","percentComplete":1.000000}]}},{"index":5,"id":"POWER_DISTRIBUTOR_7_A","powerGroup":4,"buyPrice":78078,"modification":[{"type":"CHARGE_ENHANCED","grade":"GRADE_5","percentComplete":1.000000}],"experimentalEffect":[{"type":"SUPER_CONDUITS"}],"oldModule":{"id":"POWER_DISTRIBUTOR_7_A","legacy":false,"powered":true,"powerGroup":1,"buyPrice":78078,"modification":[{"type":"CHARGE_ENHANCED","grade":"GRADE_5","percentComplete":1.000000}],"experimentalEffect":[{"type":"SUPER_CONDUITS"}]}},{"index":6,"id":"SENSORS_4_D","powerGroup":1,"buyPrice":9958,"modification":[{"type":"LONG_RANGE_SCANNER","grade":"GRADE_5","percentComplete":1.000000}],"oldModule":{"id":"SENSORS_4_D","legacy":false,"powered":true,"powerGroup":1,"buyPrice":9958,"modification":[{"type":"LONG_RANGE_SCANNER","grade":"GRADE_5","percentComplete":1.000000}]}},{"index":7,"id":"FUEL_TANK_6_C","powerGroup":2,"buyPrice":299733,"oldModule":{"id":"FUEL_TANK_6_C","legacy":false,"powered":true,"powerGroup":2,"buyPrice":299733}}],"optionalSlots":[{"index":0,"id":"BI_WEAVE_SHIELD_GENERATOR_8_C","powerGroup":2,"buyPrice":1034063,"modification":[{"type":"THERMAL_RESISTANT_SHIELDS","grade":"GRADE_5","percentComplete":1.000000}],"experimentalEffect":[{"type":"FAST_CHARGE"}],"oldModule":{"id":"BI_WEAVE_SHIELD_GENERATOR_8_C","legacy":false,"powered":true,"powerGroup":1,"buyPrice":1034063,"modification":[{"type":"THERMAL_RESISTANT_SHIELDS","grade":"GRADE_5","percentComplete":1.000000}],"experimentalEffect":[{"type":"FAST_CHARGE"}]}},{"index":1,"id":"FIGHTER_HANGAR_7_D","buyPrice":318173,"oldModule":{"id":"FIGHTER_HANGAR_7_D","legacy":false,"powered":true,"powerGroup":1,"buyPrice":318173}},{"index":2,"id":"GUARDIAN_SHIELD_REINFORCEMENT_PACKAGE_5_D","powerGroup":-1,"buyPrice":175277,"oldModule":{"id":"GUARDIAN_SHIELD_REINFORCEMENT_PACKAGE_5_D","legacy":false,"powered":true,"powerGroup":-1,"buyPrice":175277}},{"index":3,"id":"GUARDIAN_SHIELD_REINFORCEMENT_PACKAGE_5_D","powerGroup":-1,"buyPrice":30122,"oldModule":{"id":"GUARDIAN_SHIELD_REINFORCEMENT_PACKAGE_5_D","legacy":false,"powered":true,"powerGroup":-1,"buyPrice":30122}},{"index":4,"id":"GUARDIAN_SHIELD_REINFORCEMENT_PACKAGE_5_D","powerGroup":-1,"oldModule":{"id":"GUARDIAN_SHIELD_REINFORCEMENT_PACKAGE_5_D","legacy":false,"powered":true,"powerGroup":-1}},{"index":5,"id":"GUARDIAN_SHIELD_REINFORCEMENT_PACKAGE_5_D","powerGroup":-1,"oldModule":{"id":"GUARDIAN_SHIELD_REINFORCEMENT_PACKAGE_5_D","legacy":false,"powered":true,"powerGroup":-1}},{"index":6,"id":"GUARDIAN_SHIELD_REINFORCEMENT_PACKAGE_4_D","powerGroup":-1,"buyPrice":9269,"oldModule":{"id":"GUARDIAN_SHIELD_REINFORCEMENT_PACKAGE_4_D","legacy":false,"powered":true,"powerGroup":-1,"buyPrice":9269}},{"index":7,"id":"GUARDIAN_SHIELD_REINFORCEMENT_PACKAGE_4_D","powerGroup":-1,"oldModule":{"id":"GUARDIAN_SHIELD_REINFORCEMENT_PACKAGE_4_D","legacy":false,"powered":true,"powerGroup":-1}},{"index":8,"id":"GUARDIAN_SHIELD_REINFORCEMENT_PACKAGE_3_D","powerGroup":-1,"buyPrice":2851,"oldModule":{"id":"GUARDIAN_SHIELD_REINFORCEMENT_PACKAGE_3_D","legacy":false,"powered":true,"powerGroup":-1,"buyPrice":2851}},{"index":9,"id":"HULL_REINFORCEMENT_PACKAGE_3_D","powerGroup":2,"modification":[{"type":"THERMAL_RESISTANT_HULL_REINFORCEMENT","grade":"GRADE_5","percentComplete":1.000000}],"experimentalEffect":[{"type":"DEEP_PLATING"}],"oldModule":{"id":"HULL_REINFORCEMENT_PACKAGE_3_D","legacy":false,"powered":true,"powerGroup":2}},{"index":10,"id":"CARGO_RACK_2_E","powerGroup":2,"oldModule":{"id":"CARGO_RACK_2_E","legacy":false,"powered":true,"powerGroup":2}},{"index":11,"id":"SUPERCRUISE_ASSIST","powerGroup":5,"buyPrice":8003,"oldModule":{"id":"SUPERCRUISE_ASSIST","legacy":false,"powered":true,"powerGroup":3,"buyPrice":8003}}],"currentFuelReserve":0.77,"currentFuel":64.0,"currentCargo":0.0}],"selectedShipConfigurationUUID":"db34f8fe-8bf9-4910-8af4-4b9bcea9b2b6"}