{"wishlists":[{"uuid":"185328d0-599f-4e99-81b0-88ec7737476e","name":"Default wishlist","items":[{"type":"module","uuid":"8788c60b-876a-44d5-8ec7-f8b5e5315fda","recipeName":["horizons","SHIELD_BOOSTER"],"visible":true,"blueprintType":"HEAVY_DUTY","percentageToComplete":{"GRADE_1":1.0,"GRADE_2":1.0,"GRADE_3":1.0,"GRADE_4":1.0,"GRADE_5":1.0}},{"type":"experimental","uuid":"4f49e50b-2067-4ee2-9e24-60a084355015","recipeName":["horizons","SHIELD_BOOSTER"],"visible":true,"blueprintType":"SUPER_CAPACITOR"},{"type":"module","uuid":"018f2da2-4499-4dbb-af40-2aefae42ab45","recipeName":["horizons","SHIELD_BOOSTER"],"visible":true,"blueprintType":"HEAVY_DUTY","percentageToComplete":{"GRADE_1":1.0,"GRADE_2":1.0,"GRADE_3":1.0,"GRADE_4":1.0,"GRADE_5":1.0}},{"type":"experimental","uuid":"fe122033-cb07-44a2-b891-c40696553fa0","recipeName":["horizons","SHIELD_BOOSTER"],"visible":true,"blueprintType":"SUPER_CAPACITOR"},{"type":"module","uuid":"fb280acf-3e15-4458-a731-96207511cf00","recipeName":["horizons","POINT_DEFENCE"],"visible":true,"blueprintType":"AMMO_CAPACITY","percentageToComplete":{"GRADE_1":1.0}},{"type":"module","uuid":"e403e6de-4800-483a-9f03-ca5320457728","recipeName":["horizons","POINT_DEFENCE"],"visible":true,"blueprintType":"AMMO_CAPACITY","percentageToComplete":{"GRADE_1":1.0}},{"type":"module","uuid":"32706b8e-ecd0-450c-9a3b-72092d539504","recipeName":["horizons","SHIELD_BOOSTER"],"visible":true,"blueprintType":"RESISTANCE_AUGMENTED","percentageToComplete":{"GRADE_1":1.0,"GRADE_2":1.0,"GRADE_3":1.0,"GRADE_4":1.0,"GRADE_5":1.0}},{"type":"experimental","uuid":"97302c07-b525-412c-8dda-030140181fce","recipeName":["horizons","SHIELD_BOOSTER"],"visible":true,"blueprintType":"SUPER_CAPACITOR"},{"type":"module","uuid":"0954108a-491f-4c10-9251-1856f9239d16","recipeName":["horizons","SHIELD_BOOSTER"],"visible":true,"blueprintType":"RESISTANCE_AUGMENTED","percentageToComplete":{"GRADE_1":1.0,"GRADE_2":1.0,"GRADE_3":1.0,"GRADE_4":1.0,"GRADE_5":1.0}},{"type":"experimental","uuid":"eda805e0-781d-4f01-8cc8-b0d41d2f959c","recipeName":["horizons","SHIELD_BOOSTER"],"visible":true,"blueprintType":"SUPER_CAPACITOR"},{"type":"module","uuid":"0ad7beca-a989-4dc0-90af-3387007f3f84","recipeName":["horizons","SHIELD_BOOSTER"],"visible":true,"blueprintType":"RESISTANCE_AUGMENTED","percentageToComplete":{"GRADE_1":1.0,"GRADE_2":1.0,"GRADE_3":1.0,"GRADE_4":1.0,"GRADE_5":1.0}},{"type":"experimental","uuid":"9cc968ba-b76f-4610-b661-db37d788213f","recipeName":["horizons","SHIELD_BOOSTER"],"visible":true,"blueprintType":"SUPER_CAPACITOR"},{"type":"module","uuid":"430e7e35-58f7-4a4b-934c-a444a2c29b19","recipeName":["horizons","SHIELD_BOOSTER"],"visible":true,"blueprintType":"RESISTANCE_AUGMENTED","percentageToComplete":{"GRADE_1":1.0,"GRADE_2":1.0,"GRADE_3":1.0,"GRADE_4":1.0,"GRADE_5":1.0}},{"type":"experimental","uuid":"157f4471-24c5-4eb5-92df-47168b329cb7","recipeName":["horizons","SHIELD_BOOSTER"],"visible":true,"blueprintType":"SUPER_CAPACITOR"},{"type":"module","uuid":"9909443d-5711-4c57-915b-fabbfb94b2a5","recipeName":["horizons","ARMOUR"],"visible":true,"blueprintType":"HEAVY_DUTY","percentageToComplete":{"GRADE_1":1.0,"GRADE_2":1.0,"GRADE_3":1.0,"GRADE_4":1.0,"GRADE_5":1.0}},{"type":"experimental","uuid":"8804fe49-0ed9-4c4e-94d8-e74d73f69d27","recipeName":["horizons","ARMOUR"],"visible":true,"blueprintType":"DEEP_PLATING"},{"type":"module","uuid":"cc99e0c5-2168-4074-8e29-8df6a2972efa","recipeName":["horizons","POWER_PLANT"],"visible":true,"blueprintType":"ARMOURED","percentageToComplete":{"GRADE_1":1.0,"GRADE_2":1.0,"GRADE_3":1.0,"GRADE_4":1.0,"GRADE_5":1.0}},{"type":"experimental","uuid":"ddaa30cd-fa36-4ef5-8871-b02b11318a93","recipeName":["horizons","POWER_PLANT"],"visible":true,"blueprintType":"MONSTERED"},{"type":"module","uuid":"2ebfcd99-4934-4d08-aa1e-9911f7e6b0ee","recipeName":["horizons","FRAME_SHIFT_DRIVE"],"visible":true,"blueprintType":"INCREASED_FSD_RANGE","percentageToComplete":{"GRADE_4":1.0,"GRADE_5":1.0}},{"type":"module","uuid":"1dfff52d-3281-45f4-baaf-a94ce15afa31","recipeName":["horizons","LIFE_SUPPORT"],"visible":true,"blueprintType":"LIGHTWEIGHT","percentageToComplete":{"GRADE_1":1.0,"GRADE_2":1.0,"GRADE_3":1.0,"GRADE_4":1.0,"GRADE_5":1.0}},{"type":"module","uuid":"14c7a0a2-c86d-487a-b628-36c48b18e2cf","recipeName":["horizons","POWER_DISTRIBUTOR"],"visible":true,"blueprintType":"CHARGE_ENHANCED","percentageToComplete":{"GRADE_1":1.0,"GRADE_2":1.0,"GRADE_3":1.0,"GRADE_4":1.0,"GRADE_5":1.0}},{"type":"experimental","uuid":"6298331d-9900-4a63-b8e3-d9f1e329bee3","recipeName":["horizons","POWER_DISTRIBUTOR"],"visible":true,"blueprintType":"SUPER_CONDUITS"},{"type":"module","uuid":"0284ecd8-14c5-4580-839c-28f7658e7d65","recipeName":["horizons","SENSORS"],"visible":true,"blueprintType":"LONG_RANGE_SCANNER","percentageToComplete":{"GRADE_1":1.0,"GRADE_2":1.0,"GRADE_3":1.0,"GRADE_4":1.0,"GRADE_5":1.0}},{"type":"module","uuid":"53ca4813-2482-454b-8065-578cfb68d079","recipeName":["horizons","SHIELD_GENERATOR"],"visible":true,"blueprintType":"THERMAL_RESISTANT_SHIELDS","percentageToComplete":{"GRADE_2":1.0,"GRADE_3":1.0,"GRADE_4":1.0,"GRADE_5":1.0}},{"type":"module","uuid":"ef176cd0-be17-4818-90e5-b3acb5a6a4d3","recipeName":["horizons","HULL_REINFORCEMENT_PACKAGE"],"visible":true,"blueprintType":"THERMAL_RESISTANT_HULL_REINFORCEMENT","percentageToComplete":{"GRADE_1":1.0,"GRADE_2":1.0,"GRADE_3":1.0,"GRADE_4":1.0,"GRADE_5":1.0}},{"type":"experimental","uuid":"dda3c8a6-941b-4733-916c-ff4aa7b251c5","recipeName":["horizons","HULL_REINFORCEMENT_PACKAGE"],"visible":true,"blueprintType":"DEEP_PLATING"},{"type":"module","uuid":"9c5e3a98-3824-45bf-b084-adbe5b63424c","recipeName":["horizons","BURST_LASER"],"visible":true,"blueprintType":"LONG_RANGE_WEAPON","percentageToComplete":{"GRADE_1":1.0,"GRADE_2":1.0,"GRADE_3":1.0,"GRADE_4":1.0,"GRADE_5":1.0}},{"type":"experimental","uuid":"27c14b2d-f377-4079-9a18-9663ad541ae3","recipeName":["horizons","BURST_LASER"],"visible":true,"blueprintType":"OVERSIZED"},{"type":"module","uuid":"4ae265f4-1d51-45f7-b53d-5b1d03472bc4","recipeName":["horizons","BURST_LASER"],"visible":true,"blueprintType":"LONG_RANGE_WEAPON","percentageToComplete":{"GRADE_1":1.0,"GRADE_2":1.0,"GRADE_3":1.0,"GRADE_4":1.0,"GRADE_5":1.0}},{"type":"experimental","uuid":"14de8505-bcd5-43bb-b187-6bf1a4d3c3d3","recipeName":["horizons","BURST_LASER"],"visible":true,"blueprintType":"OVERSIZED"},{"type":"module","uuid":"2efa9744-34df-4e2d-82c1-f89dea9daee4","recipeName":["horizons","PULSE_LASER"],"visible":true,"blueprintType":"LONG_RANGE_WEAPON","percentageToComplete":{"GRADE_1":1.0,"GRADE_2":1.0,"GRADE_3":1.0,"GRADE_4":1.0,"GRADE_5":1.0}},{"type":"experimental","uuid":"62439fa3-9028-40ed-ba8b-05b394d2d0cf","recipeName":["horizons","PULSE_LASER"],"visible":true,"blueprintType":"OVERSIZED"},{"type":"module","uuid":"c1c0d592-05c1-4cae-84ee-82d84987e0e0","recipeName":["horizons","PULSE_LASER"],"visible":true,"blueprintType":"LONG_RANGE_WEAPON","percentageToComplete":{"GRADE_1":1.0,"GRADE_2":1.0,"GRADE_3":1.0,"GRADE_4":1.0,"GRADE_5":1.0}},{"type":"experimental","uuid":"80b2ffd5-8ef0-4b40-9f66-307aab2c4a41","recipeName":["horizons","PULSE_LASER"],"visible":true,"blueprintType":"OVERSIZED"},{"type":"module","uuid":"12b30d4c-f5e2-44e1-a93b-d11d0179abad","recipeName":["horizons","BURST_LASER"],"visible":true,"blueprintType":"LONG_RANGE_WEAPON","percentageToComplete":{"GRADE_1":1.0,"GRADE_2":1.0,"GRADE_3":1.0,"GRADE_4":1.0,"GRADE_5":1.0}},{"type":"experimental","uuid":"fac63a0c-83bb-435d-90ed-9e0b37db32e1","recipeName":["horizons","BURST_LASER"],"visible":true,"blueprintType":"OVERSIZED"},{"type":"module","uuid":"c3bd4e7e-0348-49c6-8705-9e722949c1a2","recipeName":["horizons","PULSE_LASER"],"visible":true,"blueprintType":"LONG_RANGE_WEAPON","percentageToComplete":{"GRADE_1":1.0,"GRADE_2":1.0,"GRADE_3":1.0,"GRADE_4":1.0,"GRADE_5":1.0}},{"type":"experimental","uuid":"f5411707-2fd2-4a3f-87bb-dfa1b5809443","recipeName":["horizons","PULSE_LASER"],"visible":true,"blueprintType":"OVERSIZED"},{"type":"module","uuid":"69954e41-21d7-4c78-96a0-b5c8c7b90a7f","recipeName":["horizons","PULSE_LASER"],"visible":true,"blueprintType":"LONG_RANGE_WEAPON","percentageToComplete":{"GRADE_1":1.0,"GRADE_2":1.0,"GRADE_3":1.0,"GRADE_4":1.0,"GRADE_5":1.0}},{"type":"experimental","uuid":"ccc5a1d9-ecda-4cd0-ba74-3cc4238c93da","recipeName":["horizons","PULSE_LASER"],"visible":true,"blueprintType":"OVERSIZED"},{"type":"module","uuid":"b5a47fe2-1073-4a9a-adc4-cd6d8a6c5578","recipeName":["horizons","PULSE_LASER"],"visible":true,"blueprintType":"LONG_RANGE_WEAPON","percentageToComplete":{"GRADE_1":1.0,"GRADE_2":1.0,"GRADE_3":1.0,"GRADE_4":1.0,"GRADE_5":1.0}},{"type":"experimental","uuid":"f0a4c6e6-2e0c-4f07-b926-5389d561be53","recipeName":["horizons","PULSE_LASER"],"visible":true,"blueprintType":"OVERSIZED"},{"type":"module","uuid":"f07fc915-01d6-467c-9700-9d559a4ffb17","recipeName":["horizons","PULSE_LASER"],"visible":true,"blueprintType":"LONG_RANGE_WEAPON","percentageToComplete":{"GRADE_1":1.0,"GRADE_2":1.0,"GRADE_3":1.0,"GRADE_4":1.0,"GRADE_5":1.0}},{"type":"experimental","uuid":"8a8bba60-1752-4f76-b9e3-8326021bbf8e","recipeName":["horizons","PULSE_LASER"],"visible":true,"blueprintType":"OVERSIZED"}]}],"selectedWishlistUUID":"185328d0-599f-4e99-81b0-88ec7737476e"}