{"wishlists":[{"uuid":"185328d0-599f-4e99-81b0-88ec7737476e","name":"Default wishlist","items":[{"type":"techbroker","uuid":"5e92ed54-1b1a-46c2-a6e2-3aa8f55870d7","recipeName":["horizons","HUMAN_MODULES"],"visible":true,"blueprintType":"SIRIUS_HEAT_SINK_LAUNCHER"},{"type":"techbroker","uuid":"ce260be2-1219-4727-8474-aa123f244451","recipeName":["horizons","HUMAN_MODULES"],"visible":true,"blueprintType":"SIRIUS_HEAT_SINK_LAUNCHER"},{"type":"techbroker","uuid":"57c88d75-9290-4066-8af6-22eb1848e54d","recipeName":["horizons","HUMAN_MODULES"],"visible":true,"blueprintType":"SIRIUS_HEAT_SINK_LAUNCHER"},{"type":"techbroker","uuid":"c1f36d30-6780-4b15-b782-f0813a0d7c18","recipeName":["horizons","HUMAN_MODULES"],"visible":true,"blueprintType":"SIRIUS_HEAT_SINK_LAUNCHER"},{"type":"techbroker","uuid":"75c9bc41-a37b-43ce-8c90-22ff7db7fb01","recipeName":["horizons","HUMAN_MODULES"],"visible":true,"blueprintType":"SIRIUS_HEAT_SINK_LAUNCHER"},{"type":"techbroker","uuid":"d5838ca8-dd78-477e-82dc-083de08091fa","recipeName":["horizons","HUMAN_MODULES"],"visible":true,"blueprintType":"SIRIUS_HEAT_SINK_LAUNCHER"},{"type":"techbroker","uuid":"b89cfb49-09f5-428f-aa3c-741e5cffc141","recipeName":["horizons","GUARDIAN_WEAPONS"],"visible":true,"blueprintType":"MODIFIED_SHARD_CANNON_FIXED_MEDIUM"},{"type":"techbroker","uuid":"0d01a259-ff53-4224-aa0c-a195a1b07750","recipeName":["horizons","GUARDIAN_WEAPONS"],"visible":true,"blueprintType":"MODIFIED_SHARD_CANNON_FIXED_MEDIUM"},{"type":"techbroker","uuid":"f5b357b4-0fb3-4305-83b8-db26857de7f2","recipeName":["horizons","GUARDIAN_WEAPONS"],"visible":true,"blueprintType":"MODIFIED_SHARD_CANNON_FIXED_MEDIUM"},{"type":"techbroker","uuid":"b32f5271-3838-43e5-8756-992fee948da7","recipeName":["horizons","GUARDIAN_WEAPONS"],"visible":true,"blueprintType":"MODIFIED_SHARD_CANNON_FIXED_MEDIUM"},{"type":"techbroker","uuid":"24c83d64-e3d0-4730-a670-6724a841a808","recipeName":["horizons","GUARDIAN_WEAPONS"],"visible":true,"blueprintType":"MODIFIED_SHARD_CANNON_FIXED_MEDIUM"},{"type":"techbroker","uuid":"2040bb77-34a8-4078-9cd8-5646d9369523","recipeName":["horizons","GUARDIAN_WEAPONS"],"visible":true,"blueprintType":"MODIFIED_SHARD_CANNON_FIXED_MEDIUM"}]},{"uuid":"6900d108-6eba-41f5-a832-096463d19f2a","name":"Apis Thargibia - Python Mk II","items":[{"type":"module","uuid":"7cd59e1f-99a9-402e-8de6-86c293a6016c","recipeName":["horizons","ARMOUR"],"visible":true,"blueprintType":"HEAVY_DUTY","percentageToComplete":{"GRADE_1":1.0,"GRADE_2":1.0,"GRADE_3":1.0,"GRADE_4":1.0,"GRADE_5":1.0}},{"type":"experimental","uuid":"545bdfe5-b3ac-4329-be53-ddc68153ef14","recipeName":["horizons","ARMOUR"],"visible":true,"blueprintType":"DEEP_PLATING"},{"type":"module","uuid":"8ccf4921-f460-4c82-82b7-2b0c001a3702","recipeName":["horizons","POWER_PLANT"],"visible":true,"blueprintType":"OVERCHARGED","percentageToComplete":{"GRADE_1":1.0,"GRADE_2":1.0,"GRADE_3":1.0}},{"type":"experimental","uuid":"729a4e55-cdcb-4cfc-9cef-ff6941057922","recipeName":["horizons","POWER_PLANT"],"visible":true,"blueprintType":"THERMAL_SPREAD"},{"type":"module","uuid":"93346ff4-272b-4bcd-893a-905989a3af1d","recipeName":["horizons","THRUSTERS"],"visible":true,"blueprintType":"DIRTY_DRIVE_TUNING","percentageToComplete":{"GRADE_1":1.0,"GRADE_2":1.0,"GRADE_3":1.0,"GRADE_4":1.0,"GRADE_5":1.0}},{"type":"experimental","uuid":"e132f1e9-5a76-45a8-8da1-5a239560d790","recipeName":["horizons","THRUSTERS"],"visible":true,"blueprintType":"DRAG_DRIVES"},{"type":"module","uuid":"80838664-db7b-4db7-a53b-f2566751b489","recipeName":["horizons","FRAME_SHIFT_DRIVE"],"visible":true,"blueprintType":"INCREASED_FSD_RANGE","percentageToComplete":{"GRADE_1":1.0,"GRADE_2":1.0,"GRADE_3":1.0,"GRADE_4":1.0,"GRADE_5":1.0}},{"type":"experimental","uuid":"de6c60b5-1c00-4e6f-8ed2-d9bc56f03494","recipeName":["horizons","FRAME_SHIFT_DRIVE"],"visible":true,"blueprintType":"MASS_MANAGER"},{"type":"module","uuid":"12701ddd-5f22-4d1f-b05d-1c973916b742","recipeName":["horizons","POWER_DISTRIBUTOR"],"visible":true,"blueprintType":"WEAPON_FOCUSED","percentageToComplete":{"GRADE_1":1.0,"GRADE_2":1.0,"GRADE_3":1.0,"GRADE_4":1.0,"GRADE_5":1.0}},{"type":"experimental","uuid":"becd135b-eb5b-47c3-8cb1-929ac4ccd335","recipeName":["horizons","POWER_DISTRIBUTOR"],"visible":true,"blueprintType":"CLUSTER_CAPACITOR"},{"type":"module","uuid":"59374cf1-35c8-46d0-bb94-3169d2fd70a7","recipeName":["horizons","SENSORS"],"visible":true,"blueprintType":"LIGHT_WEIGHT_SCANNER","percentageToComplete":{"GRADE_1":1.0,"GRADE_2":1.0,"GRADE_3":1.0,"GRADE_4":1.0,"GRADE_5":1.0}},{"type":"module","uuid":"ce392668-962a-4249-9662-2f9ba9848a50","recipeName":["horizons","SHIELD_GENERATOR"],"visible":true,"blueprintType":"ENHANCED_LOW_POWER_SHIELDS","percentageToComplete":{"GRADE_1":1.0,"GRADE_2":1.0,"GRADE_3":1.0,"GRADE_4":1.0,"GRADE_5":1.0}},{"type":"module","uuid":"9d577ed3-6a3a-4ef0-86ac-38320e4a857a","recipeName":["horizons","HULL_REINFORCEMENT_PACKAGE"],"visible":true,"blueprintType":"HEAVY_DUTY_HULL_REINFORCEMENT","percentageToComplete":{"GRADE_1":1.0,"GRADE_2":1.0,"GRADE_3":1.0,"GRADE_4":1.0,"GRADE_5":1.0}},{"type":"experimental","uuid":"3ba4df39-e55f-41ac-abd7-5ce161577c79","recipeName":["horizons","HULL_REINFORCEMENT_PACKAGE"],"visible":true,"blueprintType":"DEEP_PLATING"}]}],"selectedWishlistUUID":"185328d0-599f-4e99-81b0-88ec7737476e"}