{"shipConfigurations":[{"uuid":"db34f8fe-8bf9-4910-8af4-4b9bcea9b2b6","name":"Disco Brick","shipType":"TYPE_9_MILITARY","cargoHatch":{"index":0,"id":"CARGO_HATCH","oldModule":{"id":"CARGO_HATCH","legacy":false,"powered":true,"powerGroup":3}},"utilitySlots":[{"index":0,"id":"SHIELD_BOOSTER_0_A","powerGroup":2,"modification":[{"type":"HEAVY_DUTY","grade":"GRADE_5","percentComplete":1.000000}],"experimentalEffect":[{"type":"SUPER_CAPACITOR"}],"oldModule":{"id":"SHIELD_BOOSTER_0_A","legacy":false,"powered":true,"powerGroup":1,"modification":[{"type":"HEAVY_DUTY","grade":"GRADE_5","percentComplete":1.000000}],"experimentalEffect":[{"type":"SUPER_CAPACITOR"}]}},{"index":1,"id":"SHIELD_BOOSTER_0_A","powerGroup":2,"modification":[{"type":"HEAVY_DUTY","grade":"GRADE_5","percentComplete":1.000000}],"experimentalEffect":[{"type":"SUPER_CAPACITOR"}],"oldModule":{"id":"SHIELD_BOOSTER_0_A","legacy":false,"powered":true,"powerGroup":1,"modification":[{"type":"HEAVY_DUTY","grade":"GRADE_5","percentComplete":1.000000}],"experimentalEffect":[{"type":"SUPER_CAPACITOR"}]}},{"index":2,"id":"POINT_DEFENCE_0_I","powerGroup":1,"modification":[{"type":"AMMO_CAPACITY","grade":"GRADE_1","percentComplete":1.000000}],"oldModule":{"id":"POINT_DEFENCE_0_I","legacy":false,"powered":true,"powerGroup":1,"modification":[{"type":"AMMO_CAPACITY","grade":"GRADE_1","percentComplete":1.000000}]}},{"index":3,"id":"POINT_DEFENCE_0_I","powerGroup":1,"modification":[{"type":"AMMO_CAPACITY","grade":"GRADE_1","percentComplete":1.000000}],"oldModule":{"id":"POINT_DEFENCE_0_I","legacy":false,"powered":true,"powerGroup":1,"modification":[{"type":"AMMO_CAPACITY","grade":"GRADE_1","percentComplete":1.000000}]}},{"index":4,"id":"SHIELD_BOOSTER_0_A","powerGroup":2,"modification":[{"type":"RESISTANCE_AUGMENTED","grade":"GRADE_5","percentComplete":1.000000}],"experimentalEffect":[{"type":"SUPER_CAPACITOR"}],"oldModule":{"id":"SHIELD_BOOSTER_0_A","legacy":false,"powered":true,"powerGroup":1,"modification":[{"type":"RESISTANCE_AUGMENTED","grade":"GRADE_5","percentComplete":1.000000}],"experimentalEffect":[{"type":"SUPER_CAPACITOR"}]}},{"index":5,"id":"SHIELD_BOOSTER_0_A","powerGroup":2,"modification":[{"type":"RESISTANCE_AUGMENTED","grade":"GRADE_5","percentComplete":1.000000}],"experimentalEffect":[{"type":"SUPER_CAPACITOR"}],"oldModule":{"id":"SHIELD_BOOSTER_0_A","legacy":false,"powered":true,"powerGroup":2,"modification":[{"type":"RESISTANCE_AUGMENTED","grade":"GRADE_5","percentComplete":1.000000}],"experimentalEffect":[{"type":"SUPER_CAPACITOR"}]}},{"index":6,"id":"SHIELD_BOOSTER_0_A","powerGroup":2,"modification":[{"type":"RESISTANCE_AUGMENTED","grade":"GRADE_5","percentComplete":1.000000}],"experimentalEffect":[{"type":"SUPER_CAPACITOR"}],"oldModule":{"id":"SHIELD_BOOSTER_0_A","legacy":false,"powered":true,"powerGroup":1,"modification":[{"type":"RESISTANCE_AUGMENTED","grade":"GRADE_5","percentComplete":1.000000}],"experimentalEffect":[{"type":"SUPER_CAPACITOR"}]}},{"index":7,"id":"SHIELD_BOOSTER_0_A","powerGroup":2,"modification":[{"type":"RESISTANCE_AUGMENTED","grade":"GRADE_5","percentComplete":1.000000}],"experimentalEffect":[{"type":"SUPER_CAPACITOR"}],"oldModule":{"id":"SHIELD_BOOSTER_0_A","legacy":false,"powered":true,"powerGroup":1,"modification":[{"type":"RESISTANCE_AUGMENTED","grade":"GRADE_5","percentComplete":1.000000}],"experimentalEffect":[{"type":"SUPER_CAPACITOR"}]}}],"coreSlots":[{"index":0,"id":"TYPE_9_MILITARY_ARMOUR_REACTIVE","powerGroup":2,"modification":[{"type":"HEAVY_DUTY","grade":"GRADE_5","percentComplete":1.000000}],"experimentalEffect":[{"type":"DEEP_PLATING"}],"oldModule":{"id":"TYPE_9_MILITARY_ARMOUR_REACTIVE","legacy":false,"powered":true,"powerGroup":2,"modification":[{"type":"HEAVY_DUTY","grade":"GRADE_5","percentComplete":1.000000}],"experimentalEffect":[{"type":"DEEP_PLATING"}]}},{"index":1,"id":"POWER_PLANT_8_A","powerGroup":2,"buyPrice":140520,"modification":[{"type":"ARMOURED","grade":"GRADE_5","percentComplete":1.000000}],"experimentalEffect":[{"type":"MONSTERED"}],"oldModule":{"id":"POWER_PLANT_8_A","legacy":false,"powered":true,"powerGroup":2,"buyPrice":140520,"modification":[{"type":"ARMOURED","grade":"GRADE_5","percentComplete":1.000000}],"experimentalEffect":[{"type":"MONSTERED"}]}},{"index":2,"id":"THRUSTERS_7_A","powerGroup":1,"buyPrice":555632,"modification":[{"type":"DIRTY_DRIVE_TUNING","grade":"GRADE_5","percentComplete":1.000000}],"experimentalEffect":[{"type":"DRAG_DRIVES"}],"oldModule":{"id":"THRUSTERS_7_A","legacy":false,"powered":true,"powerGroup":1,"buyPrice":555632,"modification":[{"type":"DIRTY_DRIVE_TUNING","grade":"GRADE_5","percentComplete":1.000000}],"experimentalEffect":[{"type":"DRAG_DRIVES"}]}},{"index":3,"id":"FRAME_SHIFT_DRIVE_OVERCHARGE_7_A","powerGroup":5,"buyPrice":175277,"modification":[{"type":"INCREASED_FSD_RANGE","grade":"GRADE_5","percentComplete":1.000000}],"experimentalEffect":[{"type":"MASS_MANAGER"}],"oldModule":{"id":"FRAME_SHIFT_DRIVE_OVERCHARGE_7_A","legacy":false,"powered":true,"powerGroup":1,"buyPrice":175277,"modification":[{"type":"INCREASED_FSD_RANGE","grade":"GRADE_5","percentComplete":1.000000}],"experimentalEffect":[{"type":"MASS_MANAGER"}]}},{"index":4,"id":"LIFE_SUPPORT_5_D","powerGroup":1,"buyPrice":27885,"modification":[{"type":"LIGHTWEIGHT","grade":"GRADE_5","percentComplete":1.000000}],"oldModule":{"id":"LIFE_SUPPORT_5_D","legacy":false,"powered":true,"powerGroup":1,"buyPrice":27885,"modification":[{"type":"LIGHTWEIGHT","grade":"GRADE_5","percentComplete":1.000000}]}},{"index":5,"id":"POWER_DISTRIBUTOR_7_A","powerGroup":4,"buyPrice":78078,"modification":[{"type":"CHARGE_ENHANCED","grade":"GRADE_5","percentComplete":1.000000}],"experimentalEffect":[{"type":"SUPER_CONDUITS"}],"oldModule":{"id":"POWER_DISTRIBUTOR_7_A","legacy":false,"powered":true,"powerGroup":1,"buyPrice":78078,"modification":[{"type":"CHARGE_ENHANCED","grade":"GRADE_5","percentComplete":1.000000}],"experimentalEffect":[{"type":"SUPER_CONDUITS"}]}},{"index":6,"id":"SENSORS_4_D","powerGroup":1,"buyPrice":9958,"modification":[{"type":"LONG_RANGE_SCANNER","grade":"GRADE_5","percentComplete":1.000000}],"oldModule":{"id":"SENSORS_4_D","legacy":false,"powered":true,"powerGroup":1,"buyPrice":9958,"modification":[{"type":"LONG_RANGE_SCANNER","grade":"GRADE_5","percentComplete":1.000000}]}},{"index":7,"id":"FUEL_TANK_6_C","powerGroup":2,"buyPrice":299733,"oldModule":{"id":"FUEL_TANK_6_C","legacy":false,"powered":true,"powerGroup":2,"buyPrice":299733}}],"optionalSlots":[{"index":0,"id":"BI_WEAVE_SHIELD_GENERATOR_8_C","powerGroup":2,"buyPrice":1034063,"modification":[{"type":"THERMAL_RESISTANT_SHIELDS","grade":"GRADE_5","percentComplete":1.000000}],"experimentalEffect":[{"type":"FAST_CHARGE"}],"oldModule":{"id":"BI_WEAVE_SHIELD_GENERATOR_8_C","legacy":false,"powered":true,"powerGroup":1,"buyPrice":1034063,"modification":[{"type":"THERMAL_RESISTANT_SHIELDS","grade":"GRADE_5","percentComplete":1.000000}],"experimentalEffect":[{"type":"FAST_CHARGE"}]}},{"index":1,"id":"FIGHTER_HANGAR_7_D","buyPrice":318173,"oldModule":{"id":"FIGHTER_HANGAR_7_D","legacy":false,"powered":true,"powerGroup":1,"buyPrice":318173}},{"index":2,"id":"GUARDIAN_SHIELD_REINFORCEMENT_PACKAGE_5_D","powerGroup":-1,"buyPrice":175277,"oldModule":{"id":"GUARDIAN_SHIELD_REINFORCEMENT_PACKAGE_5_D","legacy":false,"powered":true,"powerGroup":-1,"buyPrice":175277}},{"index":3,"id":"GUARDIAN_SHIELD_REINFORCEMENT_PACKAGE_5_D","powerGroup":-1,"buyPrice":30122,"oldModule":{"id":"GUARDIAN_SHIELD_REINFORCEMENT_PACKAGE_5_D","legacy":false,"powered":true,"powerGroup":-1,"buyPrice":30122}},{"index":4,"id":"GUARDIAN_SHIELD_REINFORCEMENT_PACKAGE_5_D","powerGroup":-1,"oldModule":{"id":"GUARDIAN_SHIELD_REINFORCEMENT_PACKAGE_5_D","legacy":false,"powered":true,"powerGroup":-1}},{"index":5,"id":"GUARDIAN_SHIELD_REINFORCEMENT_PACKAGE_5_D","powerGroup":-1,"oldModule":{"id":"GUARDIAN_SHIELD_REINFORCEMENT_PACKAGE_5_D","legacy":false,"powered":true,"powerGroup":-1}},{"index":6,"id":"GUARDIAN_SHIELD_REINFORCEMENT_PACKAGE_4_D","powerGroup":-1,"buyPrice":9269,"oldModule":{"id":"GUARDIAN_SHIELD_REINFORCEMENT_PACKAGE_4_D","legacy":false,"powered":true,"powerGroup":-1,"buyPrice":9269}},{"index":7,"id":"GUARDIAN_SHIELD_REINFORCEMENT_PACKAGE_4_D","powerGroup":-1,"oldModule":{"id":"GUARDIAN_SHIELD_REINFORCEMENT_PACKAGE_4_D","legacy":false,"powered":true,"powerGroup":-1}},{"index":8,"id":"GUARDIAN_SHIELD_REINFORCEMENT_PACKAGE_3_D","powerGroup":-1,"buyPrice":2851,"oldModule":{"id":"GUARDIAN_SHIELD_REINFORCEMENT_PACKAGE_3_D","legacy":false,"powered":true,"powerGroup":-1,"buyPrice":2851}},{"index":9,"id":"HULL_REINFORCEMENT_PACKAGE_3_D","powerGroup":2,"modification":[{"type":"THERMAL_RESISTANT_HULL_REINFORCEMENT","grade":"GRADE_5","percentComplete":1.000000}],"experimentalEffect":[{"type":"DEEP_PLATING"}],"oldModule":{"id":"HULL_REINFORCEMENT_PACKAGE_3_D","legacy":false,"powered":true,"powerGroup":2}},{"index":10,"id":"CARGO_RACK_2_E","powerGroup":2,"oldModule":{"id":"CARGO_RACK_2_E","legacy":false,"powered":true,"powerGroup":2}},{"index":11,"id":"SUPERCRUISE_ASSIST","powerGroup":5,"buyPrice":8003,"oldModule":{"id":"SUPERCRUISE_ASSIST","legacy":false,"powered":true,"powerGroup":3,"buyPrice":8003}}],"currentFuelReserve":0.77,"currentFuel":64.0,"currentCargo":0.0},{"uuid":"bdca5d95-1b6e-4bdc-9e40-5ec73468e188","name":"Apis Thargibia","shipType":"PYTHON_NX","cargoHatch":{"index":0,"id":"CARGO_HATCH","powerGroup":4},"hardpointSlots":[{"index":0,"id":"GUARDIAN_SHARD_CANNON_2_A_F_PRE","modification":[{"type":"LONG_RANGE_WEAPON_FOCUSED_WEAPON_PENETRATOR_MUNITIONS","grade":"GRADE_1","percentComplete":1.0}],"oldModule":{"id":"GUARDIAN_SHARD_CANNON_2_A_F_PRE","legacy":false,"powered":true,"powerGroup":3,"modification":[{"type":"LONG_RANGE_WEAPON_FOCUSED_WEAPON_PENETRATOR_MUNITIONS","grade":"GRADE_1","percentComplete":1.0}]}},{"index":1,"id":"GUARDIAN_SHARD_CANNON_2_A_F_PRE","modification":[{"type":"LONG_RANGE_WEAPON_FOCUSED_WEAPON_PENETRATOR_MUNITIONS","grade":"GRADE_1","percentComplete":1.0}],"oldModule":{"id":"GUARDIAN_SHARD_CANNON_2_A_F_PRE","legacy":false,"powered":true,"powerGroup":3,"modification":[{"type":"LONG_RANGE_WEAPON_FOCUSED_WEAPON_PENETRATOR_MUNITIONS","grade":"GRADE_1","percentComplete":1.0}]}},{"index":2,"id":"GUARDIAN_SHARD_CANNON_2_A_F_PRE","modification":[{"type":"LONG_RANGE_WEAPON_FOCUSED_WEAPON_PENETRATOR_MUNITIONS","grade":"GRADE_1","percentComplete":1.0}],"oldModule":{"id":"GUARDIAN_SHARD_CANNON_2_A_F_PRE","legacy":false,"powered":true,"powerGroup":3,"modification":[{"type":"LONG_RANGE_WEAPON_FOCUSED_WEAPON_PENETRATOR_MUNITIONS","grade":"GRADE_1","percentComplete":1.0}]}},{"index":3,"id":"GUARDIAN_SHARD_CANNON_2_A_F_PRE","modification":[{"type":"LONG_RANGE_WEAPON_FOCUSED_WEAPON_PENETRATOR_MUNITIONS","grade":"GRADE_1","percentComplete":1.0}],"oldModule":{"id":"GUARDIAN_SHARD_CANNON_2_A_F_PRE","legacy":false,"powered":true,"powerGroup":3,"modification":[{"type":"LONG_RANGE_WEAPON_FOCUSED_WEAPON_PENETRATOR_MUNITIONS","grade":"GRADE_1","percentComplete":1.0}]}},{"index":4,"id":"GUARDIAN_SHARD_CANNON_2_A_F_PRE","modification":[{"type":"LONG_RANGE_WEAPON_FOCUSED_WEAPON_PENETRATOR_MUNITIONS","grade":"GRADE_1","percentComplete":1.0}],"oldModule":{"id":"GUARDIAN_SHARD_CANNON_2_A_F_PRE","legacy":false,"powered":true,"powerGroup":3,"modification":[{"type":"LONG_RANGE_WEAPON_FOCUSED_WEAPON_PENETRATOR_MUNITIONS","grade":"GRADE_1","percentComplete":1.0}]}},{"index":5,"id":"GUARDIAN_SHARD_CANNON_2_A_F_PRE","modification":[{"type":"LONG_RANGE_WEAPON_FOCUSED_WEAPON_PENETRATOR_MUNITIONS","grade":"GRADE_1","percentComplete":1.0}],"oldModule":{"id":"GUARDIAN_SHARD_CANNON_2_A_F_PRE","legacy":false,"powered":true,"powerGroup":3,"modification":[{"type":"LONG_RANGE_WEAPON_FOCUSED_WEAPON_PENETRATOR_MUNITIONS","grade":"GRADE_1","percentComplete":1.0}]}}],"utilitySlots":[{"index":0,"id":"HEAT_SINK_LAUNCHER_0_I_PRE","powerGroup":2,"modification":[{"type":"AMMO_CAPACITY_X2","grade":"GRADE_5","percentComplete":1.0}],"oldModule":{"id":"HEAT_SINK_LAUNCHER_0_I_PRE","legacy":false,"powered":true,"powerGroup":3,"modification":[{"type":"AMMO_CAPACITY_X2","grade":"GRADE_5","percentComplete":1.0}]}},{"index":1,"id":"HEAT_SINK_LAUNCHER_0_I_PRE","powerGroup":2,"modification":[{"type":"AMMO_CAPACITY_X2","grade":"GRADE_5","percentComplete":1.0}],"oldModule":{"id":"HEAT_SINK_LAUNCHER_0_I_PRE","legacy":false,"powered":true,"powerGroup":3,"modification":[{"type":"AMMO_CAPACITY_X2","grade":"GRADE_5","percentComplete":1.0}]}},{"index":2,"id":"HEAT_SINK_LAUNCHER_0_I_PRE","powerGroup":2,"modification":[{"type":"AMMO_CAPACITY_X2","grade":"GRADE_5","percentComplete":1.0}],"oldModule":{"id":"HEAT_SINK_LAUNCHER_0_I_PRE","legacy":false,"powered":true,"powerGroup":3,"modification":[{"type":"AMMO_CAPACITY_X2","grade":"GRADE_5","percentComplete":1.0}]}},{"index":3,"id":"HEAT_SINK_LAUNCHER_0_I_PRE","powerGroup":2,"modification":[{"type":"AMMO_CAPACITY_X2","grade":"GRADE_5","percentComplete":1.0}],"oldModule":{"id":"HEAT_SINK_LAUNCHER_0_I_PRE","legacy":false,"powered":true,"powerGroup":3,"modification":[{"type":"AMMO_CAPACITY_X2","grade":"GRADE_5","percentComplete":1.0}]}},{"index":4,"id":"HEAT_SINK_LAUNCHER_0_I_PRE","powerGroup":2,"modification":[{"type":"AMMO_CAPACITY_X2","grade":"GRADE_5","percentComplete":1.0}],"oldModule":{"id":"HEAT_SINK_LAUNCHER_0_I_PRE","legacy":false,"powered":true,"powerGroup":3,"modification":[{"type":"AMMO_CAPACITY_X2","grade":"GRADE_5","percentComplete":1.0}]}},{"index":5,"id":"HEAT_SINK_LAUNCHER_0_I_PRE","powerGroup":2,"modification":[{"type":"AMMO_CAPACITY_X2","grade":"GRADE_5","percentComplete":1.0}],"oldModule":{"id":"HEAT_SINK_LAUNCHER_0_I_PRE","legacy":false,"powered":true,"powerGroup":3,"modification":[{"type":"AMMO_CAPACITY_X2","grade":"GRADE_5","percentComplete":1.0}]}}],"coreSlots":[{"index":0,"id":"PYTHON_NX_ARMOUR_GRADE_3","modification":[{"type":"HEAVY_DUTY","grade":"GRADE_5","percentComplete":1.000000}],"experimentalEffect":[{"type":"DEEP_PLATING"}],"oldModule":{"id":"PYTHON_NX_ARMOUR_GRADE_3","legacy":false,"powered":true,"powerGroup":3,"modification":[{"type":"HEAVY_DUTY","grade":"GRADE_5","percentComplete":1.000000}],"experimentalEffect":[{"type":"DEEP_PLATING"}]}},{"index":1,"id":"POWER_PLANT_6_A","modification":[{"type":"OVERCHARGED","grade":"GRADE_3","percentComplete":1.000000}],"experimentalEffect":[{"type":"THERMAL_SPREAD"}],"oldModule":{"id":"POWER_PLANT_6_A","legacy":false,"powered":true,"powerGroup":3,"modification":[{"type":"OVERCHARGED","grade":"GRADE_3","percentComplete":1.000000}],"experimentalEffect":[{"type":"THERMAL_SPREAD"}]}},{"index":2,"id":"THRUSTERS_6_A","powerGroup":1,"modification":[{"type":"DIRTY_DRIVE_TUNING","grade":"GRADE_5","percentComplete":1.000000}],"experimentalEffect":[{"type":"DRAG_DRIVES"}],"oldModule":{"id":"THRUSTERS_6_A","legacy":false,"powered":true,"powerGroup":3,"modification":[{"type":"DIRTY_DRIVE_TUNING","grade":"GRADE_5","percentComplete":1.000000}],"experimentalEffect":[{"type":"DRAG_DRIVES"}]}},{"index":3,"id":"FRAME_SHIFT_DRIVE_OVERCHARGE_5_A","powerGroup":1,"modification":[{"type":"INCREASED_FSD_RANGE","grade":"GRADE_5","percentComplete":1.000000}],"experimentalEffect":[{"type":"MASS_MANAGER"}],"oldModule":{"id":"FRAME_SHIFT_DRIVE_OVERCHARGE_5_A","legacy":false,"powered":true,"powerGroup":3,"modification":[{"type":"INCREASED_FSD_RANGE","grade":"GRADE_5","percentComplete":1.000000}],"experimentalEffect":[{"type":"MASS_MANAGER"}]}},{"index":4,"id":"LIFE_SUPPORT_4_D","powerGroup":1,"modification":[{"type":"LIGHTWEIGHT","grade":"GRADE_5","percentComplete":1.000000}],"oldModule":{"id":"LIFE_SUPPORT_4_D","legacy":false,"powered":true,"powerGroup":3,"modification":[{"type":"LIGHTWEIGHT","grade":"GRADE_5","percentComplete":1.000000}]}},{"index":5,"id":"POWER_DISTRIBUTOR_6_A","powerGroup":1,"modification":[{"type":"WEAPON_FOCUSED","grade":"GRADE_5","percentComplete":1.000000}],"experimentalEffect":[{"type":"CLUSTER_CAPACITOR"}],"oldModule":{"id":"POWER_DISTRIBUTOR_6_A","legacy":false,"powered":true,"powerGroup":3,"modification":[{"type":"WEAPON_FOCUSED","grade":"GRADE_5","percentComplete":1.000000}],"experimentalEffect":[{"type":"CLUSTER_CAPACITOR"}]}},{"index":6,"id":"SENSORS_5_D","powerGroup":1,"modification":[{"type":"LIGHT_WEIGHT_SCANNER","grade":"GRADE_5","percentComplete":1.000000}],"oldModule":{"id":"SENSORS_5_D","legacy":false,"powered":true,"powerGroup":3,"modification":[{"type":"LIGHT_WEIGHT_SCANNER","grade":"GRADE_5","percentComplete":1.000000}]}},{"index":7,"id":"FUEL_TANK_4_C","oldModule":{"id":"FUEL_TANK_4_C","legacy":false,"powered":true,"powerGroup":3}}],"optionalSlots":[{"index":0,"id":"EXPERIMENTAL_WEAPON_STABILISER_5_F","powerGroup":-1,"oldModule":{"id":"EXPERIMENTAL_WEAPON_STABILISER_5_F","legacy":false,"powered":true,"powerGroup":-1}},{"index":1,"id":"BI_WEAVE_SHIELD_GENERATOR_4_C","powerGroup":2,"modification":[{"type":"ENHANCED_LOW_POWER_SHIELDS","grade":"GRADE_5","percentComplete":1.000000}],"oldModule":{"id":"BI_WEAVE_SHIELD_GENERATOR_4_C","legacy":false,"powered":true,"powerGroup":2,"modification":[{"type":"ENHANCED_LOW_POWER_SHIELDS","grade":"GRADE_5","percentComplete":1.000000}]}},{"index":2,"id":"HULL_REINFORCEMENT_PACKAGE_3_D","modification":[{"type":"HEAVY_DUTY_HULL_REINFORCEMENT","grade":"GRADE_5","percentComplete":1.000000}],"experimentalEffect":[{"type":"DEEP_PLATING"}],"oldModule":{"id":"HULL_REINFORCEMENT_PACKAGE_3_D","legacy":false,"powered":true,"powerGroup":3,"modification":[{"type":"HEAVY_DUTY_HULL_REINFORCEMENT","grade":"GRADE_5","percentComplete":1.000000}],"experimentalEffect":[{"type":"DEEP_PLATING"}]}},{"index":3,"id":"AUTO_FIELD_MAINTENANCE_UNIT_2_A","powerGroup":5,"oldModule":{"id":"AUTO_FIELD_MAINTENANCE_UNIT_2_A","legacy":false,"powered":true,"powerGroup":5}},{"index":4,"id":"ADVANCED_DOCKING_COMPUTER","powerGroup":4,"oldModule":{"id":"ADVANCED_DOCKING_COMPUTER","legacy":false,"powered":true,"powerGroup":4}},{"index":5,"id":"SUPERCRUISE_ASSIST","powerGroup":4,"oldModule":{"id":"SUPERCRUISE_ASSIST","legacy":false,"powered":true,"powerGroup":3}}],"currentFuelReserve":0.83,"currentFuel":16.0,"currentCargo":0.0}],"selectedShipConfigurationUUID":"bdca5d95-1b6e-4bdc-9e40-5ec73468e188"}