{"wishlists":[{"uuid":"185328d0-599f-4e99-81b0-88ec7737476e","name":"Default wishlist","items":[{"type":"module","uuid":"715b679b-a379-49e4-8e03-55aa508dd982","recipeName":["horizons","ARMOUR"],"visible":true,"blueprintType":"HEAVY_DUTY","percentageToComplete":{"GRADE_1":1.0,"GRADE_2":1.0,"GRADE_3":1.0,"GRADE_4":1.0,"GRADE_5":1.0}},{"type":"experimental","uuid":"50b2a02d-71f6-4aca-84e1-aa8a27744ad7","recipeName":["horizons","ARMOUR"],"visible":true,"blueprintType":"DEEP_PLATING"},{"type":"module","uuid":"1d474240-fc97-4b8d-a5b7-3b9eb720dc08","recipeName":["horizons","POWER_PLANT"],"visible":true,"blueprintType":"OVERCHARGED","percentageToComplete":{"GRADE_1":1.0,"GRADE_2":1.0,"GRADE_3":1.0}},{"type":"experimental","uuid":"5a62d21a-1b6e-4947-b951-0c3989fb1ff8","recipeName":["horizons","POWER_PLANT"],"visible":true,"blueprintType":"THERMAL_SPREAD"},{"type":"module","uuid":"847784cf-38dd-4399-bf5b-007ddd6d7e38","recipeName":["horizons","THRUSTERS"],"visible":true,"blueprintType":"DIRTY_DRIVE_TUNING","percentageToComplete":{"GRADE_1":1.0,"GRADE_2":1.0,"GRADE_3":1.0,"GRADE_4":1.0,"GRADE_5":1.0}},{"type":"experimental","uuid":"85383739-6551-4c78-af97-58aba9ac5f41","recipeName":["horizons","THRUSTERS"],"visible":true,"blueprintType":"DRAG_DRIVES"},{"type":"module","uuid":"d2e88e68-a50f-4965-915b-bcfba0cbc442","recipeName":["horizons","FRAME_SHIFT_DRIVE"],"visible":true,"blueprintType":"INCREASED_FSD_RANGE","percentageToComplete":{"GRADE_3":1.0,"GRADE_4":1.0,"GRADE_5":1.0}},{"type":"experimental","uuid":"95ed5e77-f27d-4aee-8d9f-0fd6bfc7862c","recipeName":["horizons","FRAME_SHIFT_DRIVE"],"visible":true,"blueprintType":"MASS_MANAGER"},{"type":"module","uuid":"003e523e-16b3-4150-bb57-fba6c6c33a62","recipeName":["horizons","LIFE_SUPPORT"],"visible":true,"blueprintType":"LIGHTWEIGHT","percentageToComplete":{"GRADE_1":1.0,"GRADE_2":1.0,"GRADE_3":1.0,"GRADE_4":1.0,"GRADE_5":1.0}},{"type":"module","uuid":"bf19b24a-015d-4bf2-a94c-c579d89c86ad","recipeName":["horizons","POWER_DISTRIBUTOR"],"visible":true,"blueprintType":"WEAPON_FOCUSED","percentageToComplete":{"GRADE_1":1.0,"GRADE_2":1.0,"GRADE_3":1.0,"GRADE_4":1.0,"GRADE_5":1.0}},{"type":"experimental","uuid":"d7607063-18e3-4507-a102-3f2d9a85e273","recipeName":["horizons","POWER_DISTRIBUTOR"],"visible":true,"blueprintType":"CLUSTER_CAPACITOR"},{"type":"module","uuid":"5af4ea67-64eb-4a3b-829d-95e4df8a35c8","recipeName":["horizons","SENSORS"],"visible":true,"blueprintType":"LIGHT_WEIGHT_SCANNER","percentageToComplete":{"GRADE_1":1.0,"GRADE_2":1.0,"GRADE_3":1.0,"GRADE_4":1.0,"GRADE_5":1.0}},{"type":"module","uuid":"e5449871-0c62-4aac-9ce3-929ec7958e5f","recipeName":["horizons","SHIELD_GENERATOR"],"visible":true,"blueprintType":"ENHANCED_LOW_POWER_SHIELDS","percentageToComplete":{"GRADE_1":1.0,"GRADE_2":1.0,"GRADE_3":1.0,"GRADE_4":1.0,"GRADE_5":1.0}},{"type":"module","uuid":"8dd0184a-ae5e-4585-a446-462262896a6e","recipeName":["horizons","HULL_REINFORCEMENT_PACKAGE"],"visible":true,"blueprintType":"HEAVY_DUTY_HULL_REINFORCEMENT","percentageToComplete":{"GRADE_1":1.0,"GRADE_2":1.0,"GRADE_3":1.0,"GRADE_4":1.0,"GRADE_5":1.0}},{"type":"experimental","uuid":"1739520f-d909-40d2-a55e-a712011abf68","recipeName":["horizons","HULL_REINFORCEMENT_PACKAGE"],"visible":true,"blueprintType":"DEEP_PLATING"}]}],"selectedWishlistUUID":"185328d0-599f-4e99-81b0-88ec7737476e"}